device_name,date,usage_hours,temperature,error_count,breakdown_flag
ECG Monitor,2025-06-09 08:28:22.848365,4.75,37.36,0,0
ECG Monitor,2025-06-10 08:28:22.848365,4.1,36.57,0,0
ECG Monitor,2025-06-11 08:28:22.848365,3.62,35.34,0,0
ECG Monitor,2025-06-12 08:28:22.848365,1.8,36.86,0,0
ECG Monitor,2025-06-13 08:28:22.848365,2.85,34.08,2,0
ECG Monitor,2025-06-14 08:28:22.848365,4.14,36.0,0,0
ECG Monitor,2025-06-15 08:28:22.848365,3.83,35.23,0,0
ECG Monitor,2025-06-16 08:28:22.848365,2.0,38.79,0,0
ECG Monitor,2025-06-17 08:28:22.848365,2.66,33.05,0,0
ECG Monitor,2025-06-18 08:28:22.848365,2.79,34.11,0,0
ECG Monitor,2025-06-19 08:28:22.848365,2.98,38.82,1,0
ECG Monitor,2025-06-20 08:28:22.848365,5.82,34.03,1,0
ECG Monitor,2025-06-21 08:28:22.848365,4.24,35.49,0,0
ECG Monitor,2025-06-22 08:28:22.848365,4.52,36.59,1,0
ECG Monitor,2025-06-23 08:28:22.848365,4.25,38.22,0,0
ECG Monitor,2025-06-24 08:28:22.848365,3.66,33.8,1,0
ECG Monitor,2025-06-25 08:28:22.848365,2.29,34.69,0,0
ECG Monitor,2025-06-26 08:28:22.848365,5.0,39.39,2,0
ECG Monitor,2025-06-27 08:28:22.848365,3.64,34.38,0,0
ECG Monitor,2025-06-28 08:28:22.848365,5.72,38.81,0,0
ECG Monitor,2025-06-29 08:28:22.848365,6.31,34.33,0,0
ECG Monitor,2025-06-30 08:28:22.848365,3.07,37.4,0,0
ECG Monitor,2025-07-01 08:28:22.848365,5.55,39.0,0,0
ECG Monitor,2025-07-02 08:28:22.848365,2.8,38.5,0,0
ECG Monitor,2025-07-03 08:28:22.848365,2.77,35.75,0,0
ECG Monitor,2025-07-04 08:28:22.848365,3.22,36.78,0,0
ECG Monitor,2025-07-05 08:28:22.848365,3.76,37.15,0,0
ECG Monitor,2025-07-06 08:28:22.848365,3.13,34.9,0,0
ECG Monitor,2025-07-07 08:28:22.848365,2.42,36.22,0,0
ECG Monitor,2025-07-08 08:28:22.848365,2.5,38.6,1,0
ECG Monitor,2025-07-09 08:28:22.848365,3.31,35.34,0,0
ECG Monitor,2025-07-10 08:28:22.848365,3.03,36.17,0,0
ECG Monitor,2025-07-11 08:28:22.848365,4.93,36.93,0,0
ECG Monitor,2025-07-12 08:28:22.848365,3.05,35.82,0,0
ECG Monitor,2025-07-13 08:28:22.848365,3.94,36.93,0,0
ECG Monitor,2025-07-14 08:28:22.848365,3.9,36.56,0,0
ECG Monitor,2025-07-15 08:28:22.848365,4.11,36.49,0,0
ECG Monitor,2025-07-16 08:28:22.848365,4.9,37.41,0,0
ECG Monitor,2025-07-17 08:28:22.848365,3.36,36.31,0,0
ECG Monitor,2025-07-18 08:28:22.848365,4.77,37.51,0,0
ECG Monitor,2025-07-19 08:28:22.848365,4.58,38.61,1,0
ECG Monitor,2025-07-20 08:28:22.848365,3.79,35.56,1,0
ECG Monitor,2025-07-21 08:28:22.848365,3.07,35.22,1,0
ECG Monitor,2025-07-22 08:28:22.848365,3.66,36.72,0,0
ECG Monitor,2025-07-23 08:28:22.848365,4.1,35.01,1,0
ECG Monitor,2025-07-24 08:28:22.848365,3.41,33.73,0,0
ECG Monitor,2025-07-25 08:28:22.848365,2.62,36.46,0,0
ECG Monitor,2025-07-26 08:28:22.848365,5.5,33.12,0,0
ECG Monitor,2025-07-27 08:28:22.848365,3.9,35.78,0,0
ECG Monitor,2025-07-28 08:28:22.848365,4.08,35.72,1,0
ECG Monitor,2025-07-29 08:28:22.848365,4.39,35.22,2,0
ECG Monitor,2025-07-30 08:28:22.848365,4.42,38.74,1,0
ECG Monitor,2025-07-31 08:28:22.848365,1.93,34.75,0,0
ECG Monitor,2025-08-01 08:28:22.848365,5.45,33.27,0,0
ECG Monitor,2025-08-02 08:28:22.848365,3.63,33.27,0,0
ECG Monitor,2025-08-03 08:28:22.848365,7.06,36.52,0,0
ECG Monitor,2025-08-04 08:28:22.848365,1.93,37.58,2,0
ECG Monitor,2025-08-05 08:28:22.848365,2.35,36.42,0,0
ECG Monitor,2025-08-06 08:28:22.848365,3.8,33.89,0,0
ECG Monitor,2025-08-07 08:28:22.848365,6.38,36.64,1,0
ECG Monitor,2025-08-08 08:28:22.848365,4.48,33.32,0,0
ECG Monitor,2025-08-09 08:28:22.848365,4.39,34.26,1,0
ECG Monitor,2025-08-10 08:28:22.848365,3.81,37.16,2,0
ECG Monitor,2025-08-11 08:28:22.848365,4.53,35.58,0,0
ECG Monitor,2025-08-12 08:28:22.848365,4.55,37.97,0,0
ECG Monitor,2025-08-13 08:28:22.848365,3.91,34.74,0,0
ECG Monitor,2025-08-14 08:28:22.848365,4.99,36.64,0,0
ECG Monitor,2025-08-15 08:28:22.848365,3.73,34.87,0,0
ECG Monitor,2025-08-16 08:28:22.848365,6.97,34.35,1,0
ECG Monitor,2025-08-17 08:28:22.848365,4.83,35.99,0,0
ECG Monitor,2025-08-18 08:28:22.848365,2.27,36.85,0,0
ECG Monitor,2025-08-19 08:28:22.848365,3.3,35.26,1,0
ECG Monitor,2025-08-20 08:28:22.848365,4.2,35.37,0,0
ECG Monitor,2025-08-21 08:28:22.848365,3.01,36.64,0,0
ECG Monitor,2025-08-22 08:28:22.848365,4.73,33.39,0,0
ECG Monitor,2025-08-23 08:28:22.848365,4.87,38.51,0,0
ECG Monitor,2025-08-24 08:28:22.848365,4.7,37.39,0,0
ECG Monitor,2025-08-25 08:28:22.848365,5.28,36.16,0,0
ECG Monitor,2025-08-26 08:28:22.848365,4.59,34.49,0,0
ECG Monitor,2025-08-27 08:28:22.848365,3.02,35.81,1,0
ECG Monitor,2025-08-28 08:28:22.848365,4.67,36.68,2,0
ECG Monitor,2025-08-29 08:28:22.848365,4.14,35.76,0,0
ECG Monitor,2025-08-30 08:28:22.848365,4.02,34.14,0,0
ECG Monitor,2025-08-31 08:28:22.848365,4.69,36.54,0,0
ECG Monitor,2025-09-01 08:28:22.848365,4.32,36.1,0,0
ECG Monitor,2025-09-02 08:28:22.848365,3.73,36.19,0,0
ECG Monitor,2025-09-03 08:28:22.848365,3.26,35.15,1,0
ECG Monitor,2025-09-04 08:28:22.848365,3.26,35.78,0,0
ECG Monitor,2025-09-05 08:28:22.848365,4.79,37.56,1,0
ECG Monitor,2025-09-06 08:28:22.848365,4.17,36.24,1,0
ECG Monitor,2025-09-07 08:28:22.848365,3.76,37.48,1,0
ECG Monitor,2025-09-08 08:28:22.848365,2.48,36.44,0,0
ECG Monitor,2025-09-09 08:28:22.848365,2.48,37.3,1,0
ECG Monitor,2025-09-10 08:28:22.848365,3.95,35.91,0,0
ECG Monitor,2025-09-11 08:28:22.848365,5.38,33.38,0,0
ECG Monitor,2025-09-12 08:28:22.848365,3.74,32.08,0,0
ECG Monitor,2025-09-13 08:28:22.848365,4.0,38.64,1,0
ECG Monitor,2025-09-14 08:28:22.848365,3.94,35.53,0,0
ECG Monitor,2025-09-15 08:28:22.848365,4.67,36.94,0,0
ECG Monitor,2025-09-16 08:28:22.848365,4.25,36.62,0,0
ECG Monitor,2025-09-17 08:28:22.848365,5.2,33.41,0,0
ECG Monitor,2025-09-18 08:28:22.848365,3.76,34.36,1,0
ECG Monitor,2025-09-19 08:28:22.848365,2.92,34.55,0,0
ECG Monitor,2025-09-20 08:28:22.848365,3.61,36.15,1,0
ECG Monitor,2025-09-21 08:28:22.848365,3.07,34.95,0,0
ECG Monitor,2025-09-22 08:28:22.848365,3.44,34.58,0,0
ECG Monitor,2025-09-23 08:28:22.848365,3.74,38.14,0,0
ECG Monitor,2025-09-24 08:28:22.848365,3.03,35.0,0,0
ECG Monitor,2025-09-25 08:28:22.848365,4.39,35.38,1,0
ECG Monitor,2025-09-26 08:28:22.848365,5.36,37.28,0,0
ECG Monitor,2025-09-27 08:28:22.848365,3.43,37.96,0,0
ECG Monitor,2025-09-28 08:28:22.848365,3.52,32.4,0,0
ECG Monitor,2025-09-29 08:28:22.848365,3.27,33.87,0,0
ECG Monitor,2025-09-30 08:28:22.848365,3.54,35.03,0,0
ECG Monitor,2025-10-01 08:28:22.848365,4.8,37.13,0,0
ECG Monitor,2025-10-02 08:28:22.848365,4.25,38.19,0,0
ECG Monitor,2025-10-03 08:28:22.848365,3.38,36.58,2,0
ECG Monitor,2025-10-04 08:28:22.848365,4.72,35.89,0,0
ECG Monitor,2025-10-05 08:28:22.848365,4.14,33.82,1,0
ECG Monitor,2025-10-06 08:28:22.848365,2.49,37.31,0,0
ECG Monitor,2025-10-07 08:28:22.848365,2.52,37.33,0,0
ECG Monitor,2025-10-08 08:28:22.848365,3.96,33.54,0,0
ECG Monitor,2025-10-09 08:28:22.848365,3.91,38.2,2,0
ECG Monitor,2025-10-10 08:28:22.848365,5.44,34.76,1,0
ECG Monitor,2025-10-11 08:28:22.848365,4.33,36.48,0,0
ECG Monitor,2025-10-12 08:28:22.848365,3.54,34.89,0,0
ECG Monitor,2025-10-13 08:28:22.848365,3.99,35.16,0,0
ECG Monitor,2025-10-14 08:28:22.848365,4.83,36.76,0,0
ECG Monitor,2025-10-15 08:28:22.848365,4.11,32.82,0,0
ECG Monitor,2025-10-16 08:28:22.848365,4.05,36.6,0,0
ECG Monitor,2025-10-17 08:28:22.848365,3.48,35.62,2,0
ECG Monitor,2025-10-18 08:28:22.848365,3.95,36.79,1,0
ECG Monitor,2025-10-19 08:28:22.848365,3.02,36.85,0,0
ECG Monitor,2025-10-20 08:28:22.848365,4.63,36.68,0,0
ECG Monitor,2025-10-21 08:28:22.848365,3.79,38.16,0,0
ECG Monitor,2025-10-22 08:28:22.848365,3.42,35.3,0,0
ECG Monitor,2025-10-23 08:28:22.848365,3.64,33.53,1,0
ECG Monitor,2025-10-24 08:28:22.848365,3.78,36.71,1,0
ECG Monitor,2025-10-25 08:28:22.848365,2.94,34.86,0,0
ECG Monitor,2025-10-26 08:28:22.848365,4.18,37.4,0,0
ECG Monitor,2025-10-27 08:28:22.848365,3.58,35.44,0,0
ECG Monitor,2025-10-28 08:28:22.848365,5.03,39.56,0,0
ECG Monitor,2025-10-29 08:28:22.848365,5.73,36.71,0,0
ECG Monitor,2025-10-30 08:28:22.848365,3.37,34.85,0,0
ECG Monitor,2025-10-31 08:28:22.848365,2.49,35.57,0,0
ECG Monitor,2025-11-01 08:28:22.848365,5.02,34.66,0,0
ECG Monitor,2025-11-02 08:28:22.848365,4.43,36.73,1,0
ECG Monitor,2025-11-03 08:28:22.848365,3.11,37.61,0,0
ECG Monitor,2025-11-04 08:28:22.848365,5.18,36.83,1,0
ECG Monitor,2025-11-05 08:28:22.848365,3.55,34.19,0,0
Ventilator,2025-06-09 08:28:22.848365,1.86,39.17,2,0
Ventilator,2025-06-10 08:28:22.848365,2.66,40.56,0,0
Ventilator,2025-06-11 08:28:22.848365,1.78,41.63,0,0
Ventilator,2025-06-12 08:28:22.848365,1.7,38.9,1,0
Ventilator,2025-06-13 08:28:22.848365,1.36,42.13,0,0
Ventilator,2025-06-14 08:28:22.848365,2.3,38.38,0,0
Ventilator,2025-06-15 08:28:22.848365,2.75,40.35,1,0
Ventilator,2025-06-16 08:28:22.848365,1.17,41.37,0,0
Ventilator,2025-06-17 08:28:22.848365,0.11,42.72,0,0
Ventilator,2025-06-18 08:28:22.848365,3.22,38.85,1,0
Ventilator,2025-06-19 08:28:22.848365,1.21,41.85,0,0
Ventilator,2025-06-20 08:28:22.848365,3.83,39.98,0,0
Ventilator,2025-06-21 08:28:22.848365,1.21,39.79,0,0
Ventilator,2025-06-22 08:28:22.848365,2.42,42.55,1,0
Ventilator,2025-06-23 08:28:22.848365,2.57,41.6,1,0
Ventilator,2025-06-24 08:28:22.848365,2.89,44.92,0,0
Ventilator,2025-06-25 08:28:22.848365,1.89,40.69,1,0
Ventilator,2025-06-26 08:28:22.848365,1.42,39.97,0,0
Ventilator,2025-06-27 08:28:22.848365,0.39,41.57,0,0
Ventilator,2025-06-28 08:28:22.848365,3.0,39.59,0,0
Ventilator,2025-06-29 08:28:22.848365,3.11,38.51,1,0
Ventilator,2025-06-30 08:28:22.848365,2.9,42.91,0,0
Ventilator,2025-07-01 08:28:22.848365,1.52,41.5,0,0
Ventilator,2025-07-02 08:28:22.848365,2.27,40.78,0,0
Ventilator,2025-07-03 08:28:22.848365,1.22,42.51,0,0
Ventilator,2025-07-04 08:28:22.848365,1.75,41.4,1,0
Ventilator,2025-07-05 08:28:22.848365,1.54,40.28,0,0
Ventilator,2025-07-06 08:28:22.848365,2.54,44.94,0,0
Ventilator,2025-07-07 08:28:22.848365,3.59,40.47,1,0
Ventilator,2025-07-08 08:28:22.848365,3.56,40.7,0,0
Ventilator,2025-07-09 08:28:22.848365,3.78,41.67,0,0
Ventilator,2025-07-10 08:28:22.848365,-0.1,43.02,0,0
Ventilator,2025-07-11 08:28:22.848365,2.3,42.1,0,0
Ventilator,2025-07-12 08:28:22.848365,2.65,40.92,1,0
Ventilator,2025-07-13 08:28:22.848365,1.52,39.19,0,0
Ventilator,2025-07-14 08:28:22.848365,-0.04,41.79,0,0
Ventilator,2025-07-15 08:28:22.848365,1.06,42.49,0,0
Ventilator,2025-07-16 08:28:22.848365,1.3,40.79,0,0
Ventilator,2025-07-17 08:28:22.848365,-0.52,42.44,1,0
Ventilator,2025-07-18 08:28:22.848365,2.41,42.11,1,0
Ventilator,2025-07-19 08:28:22.848365,1.23,41.04,0,0
Ventilator,2025-07-20 08:28:22.848365,2.57,44.48,0,0
Ventilator,2025-07-21 08:28:22.848365,2.11,38.96,0,0
Ventilator,2025-07-22 08:28:22.848365,2.68,39.14,0,0
Ventilator,2025-07-23 08:28:22.848365,2.11,41.9,0,0
Ventilator,2025-07-24 08:28:22.848365,0.94,40.03,1,0
Ventilator,2025-07-25 08:28:22.848365,2.05,41.87,0,0
Ventilator,2025-07-26 08:28:22.848365,1.92,41.16,1,0
Ventilator,2025-07-27 08:28:22.848365,1.27,40.67,1,0
Ventilator,2025-07-28 08:28:22.848365,4.0,42.47,0,0
Ventilator,2025-07-29 08:28:22.848365,3.55,39.77,0,0
Ventilator,2025-07-30 08:28:22.848365,2.12,41.21,0,0
Ventilator,2025-07-31 08:28:22.848365,2.17,42.56,0,0
Ventilator,2025-08-01 08:28:22.848365,1.84,42.74,0,0
Ventilator,2025-08-02 08:28:22.848365,0.65,41.83,0,0
Ventilator,2025-08-03 08:28:22.848365,2.9,41.93,0,0
Ventilator,2025-08-04 08:28:22.848365,1.09,40.16,0,0
Ventilator,2025-08-05 08:28:22.848365,2.39,40.99,0,0
Ventilator,2025-08-06 08:28:22.848365,3.93,41.63,0,0
Ventilator,2025-08-07 08:28:22.848365,2.07,41.52,0,0
Ventilator,2025-08-08 08:28:22.848365,3.45,40.54,0,0
Ventilator,2025-08-09 08:28:22.848365,2.08,42.44,0,0
Ventilator,2025-08-10 08:28:22.848365,2.49,40.71,0,0
Ventilator,2025-08-11 08:28:22.848365,1.81,41.75,1,0
Ventilator,2025-08-12 08:28:22.848365,2.07,41.98,0,0
Ventilator,2025-08-13 08:28:22.848365,2.06,41.39,0,0
Ventilator,2025-08-14 08:28:22.848365,-0.13,41.58,0,0
Ventilator,2025-08-15 08:28:22.848365,0.57,40.09,0,0
Ventilator,2025-08-16 08:28:22.848365,2.1,38.84,1,0
Ventilator,2025-08-17 08:28:22.848365,2.95,42.48,1,0
Ventilator,2025-08-18 08:28:22.848365,2.44,39.57,0,0
Ventilator,2025-08-19 08:28:22.848365,2.39,42.84,3,0
Ventilator,2025-08-20 08:28:22.848365,2.75,40.75,0,0
Ventilator,2025-08-21 08:28:22.848365,2.55,42.24,1,0
Ventilator,2025-08-22 08:28:22.848365,1.89,42.08,0,0
Ventilator,2025-08-23 08:28:22.848365,0.93,40.23,0,0
Ventilator,2025-08-24 08:28:22.848365,1.39,39.77,0,0
Ventilator,2025-08-25 08:28:22.848365,2.43,40.82,0,0
Ventilator,2025-08-26 08:28:22.848365,0.85,40.21,0,0
Ventilator,2025-08-27 08:28:22.848365,3.83,40.48,0,0
Ventilator,2025-08-28 08:28:22.848365,2.85,42.56,2,0
Ventilator,2025-08-29 08:28:22.848365,1.62,42.44,0,0
Ventilator,2025-08-30 08:28:22.848365,-0.46,40.59,0,0
Ventilator,2025-08-31 08:28:22.848365,1.32,43.07,1,0
Ventilator,2025-09-01 08:28:22.848365,2.38,39.93,0,0
Ventilator,2025-09-02 08:28:22.848365,1.99,41.56,0,0
Ventilator,2025-09-03 08:28:22.848365,2.51,38.46,0,0
Ventilator,2025-09-04 08:28:22.848365,1.97,39.76,2,0
Ventilator,2025-09-05 08:28:22.848365,2.77,39.16,0,0
Ventilator,2025-09-06 08:28:22.848365,2.01,40.59,2,0
Ventilator,2025-09-07 08:28:22.848365,1.04,41.68,0,0
Ventilator,2025-09-08 08:28:22.848365,2.36,41.01,1,0
Ventilator,2025-09-09 08:28:22.848365,1.91,41.48,1,0
Ventilator,2025-09-10 08:28:22.848365,0.62,40.13,1,0
Ventilator,2025-09-11 08:28:22.848365,2.15,39.99,0,0
Ventilator,2025-09-12 08:28:22.848365,1.01,41.52,0,0
Ventilator,2025-09-13 08:28:22.848365,1.14,41.62,0,0
Ventilator,2025-09-14 08:28:22.848365,2.48,44.01,0,0
Ventilator,2025-09-15 08:28:22.848365,1.68,42.44,0,0
Ventilator,2025-09-16 08:28:22.848365,3.69,39.46,0,0
Ventilator,2025-09-17 08:28:22.848365,4.02,40.98,0,0
Ventilator,2025-09-18 08:28:22.848365,3.5,40.01,0,0
Ventilator,2025-09-19 08:28:22.848365,2.58,41.72,0,0
Ventilator,2025-09-20 08:28:22.848365,3.1,40.67,0,0
Ventilator,2025-09-21 08:28:22.848365,3.41,39.74,0,0
Ventilator,2025-09-22 08:28:22.848365,1.63,43.45,0,0
Ventilator,2025-09-23 08:28:22.848365,2.37,43.21,0,0
Ventilator,2025-09-24 08:28:22.848365,2.96,41.02,0,0
Ventilator,2025-09-25 08:28:22.848365,3.38,40.88,2,0
Ventilator,2025-09-26 08:28:22.848365,1.44,41.2,2,0
Ventilator,2025-09-27 08:28:22.848365,2.37,41.42,0,0
Ventilator,2025-09-28 08:28:22.848365,1.57,41.4,1,0
Ventilator,2025-09-29 08:28:22.848365,1.98,41.07,0,0
Ventilator,2025-09-30 08:28:22.848365,1.85,45.47,0,0
Ventilator,2025-10-01 08:28:22.848365,1.72,42.83,0,0
Ventilator,2025-10-02 08:28:22.848365,0.86,40.28,0,0
Ventilator,2025-10-03 08:28:22.848365,2.1,43.54,0,0
Ventilator,2025-10-04 08:28:22.848365,2.93,40.87,0,0
Ventilator,2025-10-05 08:28:22.848365,2.72,39.21,2,0
Ventilator,2025-10-06 08:28:22.848365,0.88,40.81,0,0
Ventilator,2025-10-07 08:28:22.848365,2.18,40.82,0,0
Ventilator,2025-10-08 08:28:22.848365,1.99,41.27,0,0
Ventilator,2025-10-09 08:28:22.848365,2.01,41.45,0,0
Ventilator,2025-10-10 08:28:22.848365,1.39,39.9,0,0
Ventilator,2025-10-11 08:28:22.848365,2.88,41.37,1,0
Ventilator,2025-10-12 08:28:22.848365,3.58,40.44,1,0
Ventilator,2025-10-13 08:28:22.848365,2.59,42.31,0,0
Ventilator,2025-10-14 08:28:22.848365,2.68,39.49,1,0
Ventilator,2025-10-15 08:28:22.848365,1.95,43.09,1,0
Ventilator,2025-10-16 08:28:22.848365,1.49,39.72,0,0
Ventilator,2025-10-17 08:28:22.848365,2.6,41.39,0,0
Ventilator,2025-10-18 08:28:22.848365,0.97,40.27,0,0
Ventilator,2025-10-19 08:28:22.848365,1.37,38.55,0,0
Ventilator,2025-10-20 08:28:22.848365,1.84,38.25,0,0
Ventilator,2025-10-21 08:28:22.848365,1.1,40.24,1,0
Ventilator,2025-10-22 08:28:22.848365,3.26,39.38,0,0
Ventilator,2025-10-23 08:28:22.848365,2.13,38.74,0,0
Ventilator,2025-10-24 08:28:22.848365,-0.55,43.28,0,0
Ventilator,2025-10-25 08:28:22.848365,2.58,40.85,0,0
Ventilator,2025-10-26 08:28:22.848365,2.32,41.0,0,0
Ventilator,2025-10-27 08:28:22.848365,2.76,40.13,0,0
Ventilator,2025-10-28 08:28:22.848365,2.06,39.9,0,0
Ventilator,2025-10-29 08:28:22.848365,-0.39,41.89,0,0
Ventilator,2025-10-30 08:28:22.848365,2.52,41.83,1,0
Ventilator,2025-10-31 08:28:22.848365,0.89,40.16,0,0
Ventilator,2025-11-01 08:28:22.848365,2.88,41.59,0,0
Ventilator,2025-11-02 08:28:22.848365,4.01,38.38,0,0
Ventilator,2025-11-03 08:28:22.848365,2.14,42.81,0,0
Ventilator,2025-11-04 08:28:22.848365,-0.44,39.03,0,0
Ventilator,2025-11-05 08:28:22.848365,2.67,40.61,0,0
Infusion Pump,2025-06-09 08:28:22.848365,10.19,38.95,1,0
Infusion Pump,2025-06-10 08:28:22.848365,8.61,38.41,0,0
Infusion Pump,2025-06-11 08:28:22.848365,7.8,40.64,0,0
Infusion Pump,2025-06-12 08:28:22.848365,8.86,41.94,0,0
Infusion Pump,2025-06-13 08:28:22.848365,6.67,39.26,1,0
Infusion Pump,2025-06-14 08:28:22.848365,7.99,37.78,0,0
Infusion Pump,2025-06-15 08:28:22.848365,7.7,42.88,0,0
Infusion Pump,2025-06-16 08:28:22.848365,7.86,38.07,0,0
Infusion Pump,2025-06-17 08:28:22.848365,9.08,38.53,0,0
Infusion Pump,2025-06-18 08:28:22.848365,7.35,39.46,0,0
Infusion Pump,2025-06-19 08:28:22.848365,7.64,40.17,1,0
Infusion Pump,2025-06-20 08:28:22.848365,8.19,39.43,0,0
Infusion Pump,2025-06-21 08:28:22.848365,9.32,41.2,0,0
Infusion Pump,2025-06-22 08:28:22.848365,7.64,43.47,0,0
Infusion Pump,2025-06-23 08:28:22.848365,8.81,41.21,0,0
Infusion Pump,2025-06-24 08:28:22.848365,7.44,36.99,0,0
Infusion Pump,2025-06-25 08:28:22.848365,7.82,39.21,0,0
Infusion Pump,2025-06-26 08:28:22.848365,7.28,40.84,0,0
Infusion Pump,2025-06-27 08:28:22.848365,9.34,39.39,0,0
Infusion Pump,2025-06-28 08:28:22.848365,6.86,38.16,0,0
Infusion Pump,2025-06-29 08:28:22.848365,9.92,41.07,0,0
Infusion Pump,2025-06-30 08:28:22.848365,8.22,42.4,1,0
Infusion Pump,2025-07-01 08:28:22.848365,7.75,35.97,0,0
Infusion Pump,2025-07-02 08:28:22.848365,7.66,40.94,0,0
Infusion Pump,2025-07-03 08:28:22.848365,6.71,41.93,0,0
Infusion Pump,2025-07-04 08:28:22.848365,9.56,40.87,0,0
Infusion Pump,2025-07-05 08:28:22.848365,6.96,39.53,0,0
Infusion Pump,2025-07-06 08:28:22.848365,7.74,40.87,0,0
Infusion Pump,2025-07-07 08:28:22.848365,7.59,38.85,0,0
Infusion Pump,2025-07-08 08:28:22.848365,9.12,40.79,0,0
Infusion Pump,2025-07-09 08:28:22.848365,7.85,43.33,0,0
Infusion Pump,2025-07-10 08:28:22.848365,7.36,36.62,0,0
Infusion Pump,2025-07-11 08:28:22.848365,6.88,40.54,0,0
Infusion Pump,2025-07-12 08:28:22.848365,5.28,39.66,0,0
Infusion Pump,2025-07-13 08:28:22.848365,7.34,41.13,2,0
Infusion Pump,2025-07-14 08:28:22.848365,9.18,39.78,0,0
Infusion Pump,2025-07-15 08:28:22.848365,8.67,40.62,0,0
Infusion Pump,2025-07-16 08:28:22.848365,8.51,41.09,0,0
Infusion Pump,2025-07-17 08:28:22.848365,5.83,41.34,0,0
Infusion Pump,2025-07-18 08:28:22.848365,8.01,38.08,0,0
Infusion Pump,2025-07-19 08:28:22.848365,9.33,38.55,0,0
Infusion Pump,2025-07-20 08:28:22.848365,6.98,41.26,1,0
Infusion Pump,2025-07-21 08:28:22.848365,7.34,40.44,0,0
Infusion Pump,2025-07-22 08:28:22.848365,7.84,39.47,1,0
Infusion Pump,2025-07-23 08:28:22.848365,8.07,38.14,0,0
Infusion Pump,2025-07-24 08:28:22.848365,8.94,38.3,0,0
Infusion Pump,2025-07-25 08:28:22.848365,7.15,41.43,0,0
Infusion Pump,2025-07-26 08:28:22.848365,6.52,38.34,0,0
Infusion Pump,2025-07-27 08:28:22.848365,8.35,36.2,0,0
Infusion Pump,2025-07-28 08:28:22.848365,9.65,40.36,0,0
Infusion Pump,2025-07-29 08:28:22.848365,6.91,39.66,0,0
Infusion Pump,2025-07-30 08:28:22.848365,6.91,40.49,0,0
Infusion Pump,2025-07-31 08:28:22.848365,7.68,40.57,0,0
Infusion Pump,2025-08-01 08:28:22.848365,7.52,41.54,0,0
Infusion Pump,2025-08-02 08:28:22.848365,5.78,42.11,0,0
Infusion Pump,2025-08-03 08:28:22.848365,8.05,41.8,0,0
Infusion Pump,2025-08-04 08:28:22.848365,9.91,38.86,0,0
Infusion Pump,2025-08-05 08:28:22.848365,8.62,38.7,0,0
Infusion Pump,2025-08-06 08:28:22.848365,6.26,39.64,0,0
Infusion Pump,2025-08-07 08:28:22.848365,7.94,38.59,2,0
Infusion Pump,2025-08-08 08:28:22.848365,7.73,40.28,0,0
Infusion Pump,2025-08-09 08:28:22.848365,8.44,39.99,0,0
Infusion Pump,2025-08-10 08:28:22.848365,6.66,38.69,1,0
Infusion Pump,2025-08-11 08:28:22.848365,8.83,39.82,2,0
Infusion Pump,2025-08-12 08:28:22.848365,8.82,36.65,0,0
Infusion Pump,2025-08-13 08:28:22.848365,7.19,40.39,0,0
Infusion Pump,2025-08-14 08:28:22.848365,6.71,37.93,1,0
Infusion Pump,2025-08-15 08:28:22.848365,6.85,38.29,1,0
Infusion Pump,2025-08-16 08:28:22.848365,8.46,42.15,0,0
Infusion Pump,2025-08-17 08:28:22.848365,8.63,40.03,0,0
Infusion Pump,2025-08-18 08:28:22.848365,8.78,36.46,0,0
Infusion Pump,2025-08-19 08:28:22.848365,7.05,40.85,0,0
Infusion Pump,2025-08-20 08:28:22.848365,6.66,42.87,1,0
Infusion Pump,2025-08-21 08:28:22.848365,8.98,39.03,0,0
Infusion Pump,2025-08-22 08:28:22.848365,6.92,41.24,1,0
Infusion Pump,2025-08-23 08:28:22.848365,8.56,43.58,1,0
Infusion Pump,2025-08-24 08:28:22.848365,8.6,38.88,0,0
Infusion Pump,2025-08-25 08:28:22.848365,7.68,39.8,0,0
Infusion Pump,2025-08-26 08:28:22.848365,8.37,39.36,1,0
Infusion Pump,2025-08-27 08:28:22.848365,7.88,40.7,0,0
Infusion Pump,2025-08-28 08:28:22.848365,8.13,38.69,0,0
Infusion Pump,2025-08-29 08:28:22.848365,9.0,39.75,1,0
Infusion Pump,2025-08-30 08:28:22.848365,8.98,39.39,0,0
Infusion Pump,2025-08-31 08:28:22.848365,7.14,41.57,0,0
Infusion Pump,2025-09-01 08:28:22.848365,9.47,39.24,0,0
Infusion Pump,2025-09-02 08:28:22.848365,6.75,42.76,0,0
Infusion Pump,2025-09-03 08:28:22.848365,7.25,40.84,0,0
Infusion Pump,2025-09-04 08:28:22.848365,8.16,39.86,0,0
Infusion Pump,2025-09-05 08:28:22.848365,7.75,40.11,1,0
Infusion Pump,2025-09-06 08:28:22.848365,9.76,40.15,0,0
Infusion Pump,2025-09-07 08:28:22.848365,7.45,41.76,0,0
Infusion Pump,2025-09-08 08:28:22.848365,9.51,36.67,0,0
Infusion Pump,2025-09-09 08:28:22.848365,8.83,41.01,0,0
Infusion Pump,2025-09-10 08:28:22.848365,8.83,40.04,0,0
Infusion Pump,2025-09-11 08:28:22.848365,8.01,38.97,0,0
Infusion Pump,2025-09-12 08:28:22.848365,8.19,39.87,0,0
Infusion Pump,2025-09-13 08:28:22.848365,6.45,38.02,0,0
Infusion Pump,2025-09-14 08:28:22.848365,8.33,40.85,0,0
Infusion Pump,2025-09-15 08:28:22.848365,7.9,40.29,0,0
Infusion Pump,2025-09-16 08:28:22.848365,7.34,40.2,0,0
Infusion Pump,2025-09-17 08:28:22.848365,8.55,41.31,0,0
Infusion Pump,2025-09-18 08:28:22.848365,8.06,40.31,0,0
Infusion Pump,2025-09-19 08:28:22.848365,6.92,36.87,1,0
Infusion Pump,2025-09-20 08:28:22.848365,7.22,40.48,0,0
Infusion Pump,2025-09-21 08:28:22.848365,10.25,41.33,0,0
Infusion Pump,2025-09-22 08:28:22.848365,9.37,41.73,1,0
Infusion Pump,2025-09-23 08:28:22.848365,9.33,39.58,2,0
Infusion Pump,2025-09-24 08:28:22.848365,8.79,40.29,1,0
Infusion Pump,2025-09-25 08:28:22.848365,8.45,39.23,2,0
Infusion Pump,2025-09-26 08:28:22.848365,7.96,37.74,0,0
Infusion Pump,2025-09-27 08:28:22.848365,8.24,40.43,0,0
Infusion Pump,2025-09-28 08:28:22.848365,6.81,39.6,0,0
Infusion Pump,2025-09-29 08:28:22.848365,7.96,38.89,0,0
Infusion Pump,2025-09-30 08:28:22.848365,9.95,39.11,0,0
Infusion Pump,2025-10-01 08:28:22.848365,10.08,39.3,0,0
Infusion Pump,2025-10-02 08:28:22.848365,8.49,40.26,3,0
Infusion Pump,2025-10-03 08:28:22.848365,8.17,38.95,0,0
Infusion Pump,2025-10-04 08:28:22.848365,6.93,40.7,0,0
Infusion Pump,2025-10-05 08:28:22.848365,9.74,39.1,0,0
Infusion Pump,2025-10-06 08:28:22.848365,8.81,40.41,1,0
Infusion Pump,2025-10-07 08:28:22.848365,8.05,39.51,1,0
Infusion Pump,2025-10-08 08:28:22.848365,7.99,42.14,1,0
Infusion Pump,2025-10-09 08:28:22.848365,8.77,42.03,0,0
Infusion Pump,2025-10-10 08:28:22.848365,7.25,39.81,0,0
Infusion Pump,2025-10-11 08:28:22.848365,6.7,36.93,0,0
Infusion Pump,2025-10-12 08:28:22.848365,9.48,40.68,0,0
Infusion Pump,2025-10-13 08:28:22.848365,7.86,41.2,0,0
Infusion Pump,2025-10-14 08:28:22.848365,6.37,38.42,0,0
Infusion Pump,2025-10-15 08:28:22.848365,7.32,39.65,0,0
Infusion Pump,2025-10-16 08:28:22.848365,7.47,39.4,1,0
Infusion Pump,2025-10-17 08:28:22.848365,8.71,38.39,1,0
Infusion Pump,2025-10-18 08:28:22.848365,8.11,41.22,0,0
Infusion Pump,2025-10-19 08:28:22.848365,6.67,40.75,1,0
Infusion Pump,2025-10-20 08:28:22.848365,7.33,39.77,0,0
Infusion Pump,2025-10-21 08:28:22.848365,8.0,41.24,0,0
Infusion Pump,2025-10-22 08:28:22.848365,8.11,38.53,0,0
Infusion Pump,2025-10-23 08:28:22.848365,8.14,37.51,0,0
Infusion Pump,2025-10-24 08:28:22.848365,8.57,38.47,1,0
Infusion Pump,2025-10-25 08:28:22.848365,6.13,38.43,0,0
Infusion Pump,2025-10-26 08:28:22.848365,6.89,41.28,1,0
Infusion Pump,2025-10-27 08:28:22.848365,10.28,40.62,0,0
Infusion Pump,2025-10-28 08:28:22.848365,7.51,39.62,1,0
Infusion Pump,2025-10-29 08:28:22.848365,7.34,40.48,0,0
Infusion Pump,2025-10-30 08:28:22.848365,9.09,38.68,1,0
Infusion Pump,2025-10-31 08:28:22.848365,8.62,37.12,0,0
Infusion Pump,2025-11-01 08:28:22.848365,7.44,41.11,0,0
Infusion Pump,2025-11-02 08:28:22.848365,8.99,38.71,2,0
Infusion Pump,2025-11-03 08:28:22.848365,7.23,40.61,0,0
Infusion Pump,2025-11-04 08:28:22.848365,8.52,40.13,0,0
Infusion Pump,2025-11-05 08:28:22.848365,6.65,39.37,1,0
Ultrasound Scanner,2025-06-09 08:28:22.848365,5.03,39.22,1,0
Ultrasound Scanner,2025-06-10 08:28:22.848365,9.63,36.34,0,0
Ultrasound Scanner,2025-06-11 08:28:22.848365,7.67,38.26,0,0
Ultrasound Scanner,2025-06-12 08:28:22.848365,7.33,38.46,0,0
Ultrasound Scanner,2025-06-13 08:28:22.848365,7.1,36.9,0,0
Ultrasound Scanner,2025-06-14 08:28:22.848365,6.95,38.96,0,0
Ultrasound Scanner,2025-06-15 08:28:22.848365,6.15,38.46,0,0
Ultrasound Scanner,2025-06-16 08:28:22.848365,7.13,38.59,0,0
Ultrasound Scanner,2025-06-17 08:28:22.848365,7.09,36.16,0,0
Ultrasound Scanner,2025-06-18 08:28:22.848365,5.98,36.19,0,0
Ultrasound Scanner,2025-06-19 08:28:22.848365,7.75,33.05,0,0
Ultrasound Scanner,2025-06-20 08:28:22.848365,7.03,36.64,0,0
Ultrasound Scanner,2025-06-21 08:28:22.848365,8.95,37.77,2,0
Ultrasound Scanner,2025-06-22 08:28:22.848365,7.81,34.63,0,0
Ultrasound Scanner,2025-06-23 08:28:22.848365,7.16,35.22,0,0
Ultrasound Scanner,2025-06-24 08:28:22.848365,6.45,36.71,0,0
Ultrasound Scanner,2025-06-25 08:28:22.848365,8.15,39.07,1,0
Ultrasound Scanner,2025-06-26 08:28:22.848365,6.23,38.82,0,0
Ultrasound Scanner,2025-06-27 08:28:22.848365,5.7,38.56,0,0
Ultrasound Scanner,2025-06-28 08:28:22.848365,6.62,39.22,1,0
Ultrasound Scanner,2025-06-29 08:28:22.848365,7.65,36.74,0,0
Ultrasound Scanner,2025-06-30 08:28:22.848365,7.64,38.61,0,0
Ultrasound Scanner,2025-07-01 08:28:22.848365,5.21,36.83,0,0
Ultrasound Scanner,2025-07-02 08:28:22.848365,7.85,36.51,0,0
Ultrasound Scanner,2025-07-03 08:28:22.848365,5.51,38.53,1,0
Ultrasound Scanner,2025-07-04 08:28:22.848365,6.08,37.54,0,0
Ultrasound Scanner,2025-07-05 08:28:22.848365,6.34,35.8,0,0
Ultrasound Scanner,2025-07-06 08:28:22.848365,7.06,35.69,1,0
Ultrasound Scanner,2025-07-07 08:28:22.848365,5.95,37.03,1,0
Ultrasound Scanner,2025-07-08 08:28:22.848365,7.4,37.83,0,0
Ultrasound Scanner,2025-07-09 08:28:22.848365,7.56,39.47,0,0
Ultrasound Scanner,2025-07-10 08:28:22.848365,6.09,38.29,0,0
Ultrasound Scanner,2025-07-11 08:28:22.848365,6.85,34.7,0,0
Ultrasound Scanner,2025-07-12 08:28:22.848365,6.18,37.15,0,0
Ultrasound Scanner,2025-07-13 08:28:22.848365,7.65,36.18,0,0
Ultrasound Scanner,2025-07-14 08:28:22.848365,7.34,36.02,0,0
Ultrasound Scanner,2025-07-15 08:28:22.848365,7.18,40.26,1,0
Ultrasound Scanner,2025-07-16 08:28:22.848365,7.59,37.43,0,0
Ultrasound Scanner,2025-07-17 08:28:22.848365,6.6,34.55,0,0
Ultrasound Scanner,2025-07-18 08:28:22.848365,5.35,39.9,0,0
Ultrasound Scanner,2025-07-19 08:28:22.848365,7.25,37.46,1,0
Ultrasound Scanner,2025-07-20 08:28:22.848365,6.52,38.58,0,0
Ultrasound Scanner,2025-07-21 08:28:22.848365,6.98,34.91,1,0
Ultrasound Scanner,2025-07-22 08:28:22.848365,6.26,35.89,0,0
Ultrasound Scanner,2025-07-23 08:28:22.848365,7.79,38.18,0,0
Ultrasound Scanner,2025-07-24 08:28:22.848365,7.6,39.42,1,0
Ultrasound Scanner,2025-07-25 08:28:22.848365,7.72,38.18,0,0
Ultrasound Scanner,2025-07-26 08:28:22.848365,5.16,36.2,1,0
Ultrasound Scanner,2025-07-27 08:28:22.848365,5.17,38.55,1,0
Ultrasound Scanner,2025-07-28 08:28:22.848365,7.24,37.72,2,0
Ultrasound Scanner,2025-07-29 08:28:22.848365,7.4,37.71,0,0
Ultrasound Scanner,2025-07-30 08:28:22.848365,5.7,37.26,2,0
Ultrasound Scanner,2025-07-31 08:28:22.848365,8.45,36.18,0,0
Ultrasound Scanner,2025-08-01 08:28:22.848365,7.83,39.47,0,0
Ultrasound Scanner,2025-08-02 08:28:22.848365,8.71,38.38,0,0
Ultrasound Scanner,2025-08-03 08:28:22.848365,6.03,39.03,1,0
Ultrasound Scanner,2025-08-04 08:28:22.848365,7.94,38.0,0,0
Ultrasound Scanner,2025-08-05 08:28:22.848365,7.47,37.9,1,0
Ultrasound Scanner,2025-08-06 08:28:22.848365,6.18,38.04,0,0
Ultrasound Scanner,2025-08-07 08:28:22.848365,7.11,37.56,0,0
Ultrasound Scanner,2025-08-08 08:28:22.848365,5.83,38.55,0,0
Ultrasound Scanner,2025-08-09 08:28:22.848365,5.64,38.16,0,0
Ultrasound Scanner,2025-08-10 08:28:22.848365,7.9,41.23,0,0
Ultrasound Scanner,2025-08-11 08:28:22.848365,8.06,37.18,0,0
Ultrasound Scanner,2025-08-12 08:28:22.848365,6.81,37.94,1,0
Ultrasound Scanner,2025-08-13 08:28:22.848365,8.18,40.75,0,0
Ultrasound Scanner,2025-08-14 08:28:22.848365,7.66,37.64,1,0
Ultrasound Scanner,2025-08-15 08:28:22.848365,5.98,40.59,0,0
Ultrasound Scanner,2025-08-16 08:28:22.848365,6.59,39.04,0,0
Ultrasound Scanner,2025-08-17 08:28:22.848365,5.83,38.61,0,0
Ultrasound Scanner,2025-08-18 08:28:22.848365,6.15,36.2,0,0
Ultrasound Scanner,2025-08-19 08:28:22.848365,8.19,36.73,1,0
Ultrasound Scanner,2025-08-20 08:28:22.848365,8.7,37.14,2,0
Ultrasound Scanner,2025-08-21 08:28:22.848365,7.77,36.98,1,0
Ultrasound Scanner,2025-08-22 08:28:22.848365,6.25,37.93,0,0
Ultrasound Scanner,2025-08-23 08:28:22.848365,6.88,37.1,1,0
Ultrasound Scanner,2025-08-24 08:28:22.848365,8.19,37.5,0,0
Ultrasound Scanner,2025-08-25 08:28:22.848365,6.8,37.26,0,0
Ultrasound Scanner,2025-08-26 08:28:22.848365,6.89,35.72,0,0
Ultrasound Scanner,2025-08-27 08:28:22.848365,6.28,36.89,1,0
Ultrasound Scanner,2025-08-28 08:28:22.848365,6.29,36.63,0,0
Ultrasound Scanner,2025-08-29 08:28:22.848365,6.76,36.6,0,0
Ultrasound Scanner,2025-08-30 08:28:22.848365,5.71,37.99,1,0
Ultrasound Scanner,2025-08-31 08:28:22.848365,8.0,38.04,0,0
Ultrasound Scanner,2025-09-01 08:28:22.848365,7.25,37.66,0,0
Ultrasound Scanner,2025-09-02 08:28:22.848365,7.43,40.95,0,0
Ultrasound Scanner,2025-09-03 08:28:22.848365,7.39,36.81,1,0
Ultrasound Scanner,2025-09-04 08:28:22.848365,7.49,39.04,0,0
Ultrasound Scanner,2025-09-05 08:28:22.848365,7.17,36.97,0,0
Ultrasound Scanner,2025-09-06 08:28:22.848365,6.58,41.3,0,0
Ultrasound Scanner,2025-09-07 08:28:22.848365,7.94,37.56,0,0
Ultrasound Scanner,2025-09-08 08:28:22.848365,6.58,40.31,1,0
Ultrasound Scanner,2025-09-09 08:28:22.848365,6.43,37.71,0,0
Ultrasound Scanner,2025-09-10 08:28:22.848365,6.0,38.26,1,0
Ultrasound Scanner,2025-09-11 08:28:22.848365,6.74,39.39,0,0
Ultrasound Scanner,2025-09-12 08:28:22.848365,7.51,39.93,0,0
Ultrasound Scanner,2025-09-13 08:28:22.848365,8.48,39.07,0,0
Ultrasound Scanner,2025-09-14 08:28:22.848365,6.65,39.3,1,0
Ultrasound Scanner,2025-09-15 08:28:22.848365,6.7,39.26,1,0
Ultrasound Scanner,2025-09-16 08:28:22.848365,7.27,39.46,0,0
Ultrasound Scanner,2025-09-17 08:28:22.848365,7.87,37.54,1,0
Ultrasound Scanner,2025-09-18 08:28:22.848365,7.37,39.23,1,0
Ultrasound Scanner,2025-09-19 08:28:22.848365,6.91,36.75,0,0
Ultrasound Scanner,2025-09-20 08:28:22.848365,6.85,37.3,1,0
Ultrasound Scanner,2025-09-21 08:28:22.848365,7.58,37.67,0,0
Ultrasound Scanner,2025-09-22 08:28:22.848365,7.85,39.92,0,0
Ultrasound Scanner,2025-09-23 08:28:22.848365,7.71,37.1,0,0
Ultrasound Scanner,2025-09-24 08:28:22.848365,8.93,37.19,0,0
Ultrasound Scanner,2025-09-25 08:28:22.848365,7.11,37.97,0,0
Ultrasound Scanner,2025-09-26 08:28:22.848365,6.65,38.34,0,0
Ultrasound Scanner,2025-09-27 08:28:22.848365,5.87,35.62,0,0
Ultrasound Scanner,2025-09-28 08:28:22.848365,8.71,36.66,0,0
Ultrasound Scanner,2025-09-29 08:28:22.848365,7.7,37.35,1,0
Ultrasound Scanner,2025-09-30 08:28:22.848365,7.57,37.72,0,0
Ultrasound Scanner,2025-10-01 08:28:22.848365,8.01,37.92,1,0
Ultrasound Scanner,2025-10-02 08:28:22.848365,7.41,34.53,1,0
Ultrasound Scanner,2025-10-03 08:28:22.848365,6.65,39.69,0,0
Ultrasound Scanner,2025-10-04 08:28:22.848365,7.56,37.37,1,0
Ultrasound Scanner,2025-10-05 08:28:22.848365,7.1,38.48,1,0
Ultrasound Scanner,2025-10-06 08:28:22.848365,6.87,38.8,1,0
Ultrasound Scanner,2025-10-07 08:28:22.848365,8.16,37.13,0,0
Ultrasound Scanner,2025-10-08 08:28:22.848365,6.11,37.58,0,0
Ultrasound Scanner,2025-10-09 08:28:22.848365,8.27,38.6,0,0
Ultrasound Scanner,2025-10-10 08:28:22.848365,6.44,38.18,0,0
Ultrasound Scanner,2025-10-11 08:28:22.848365,6.52,41.37,0,0
Ultrasound Scanner,2025-10-12 08:28:22.848365,7.74,39.36,0,0
Ultrasound Scanner,2025-10-13 08:28:22.848365,6.97,40.19,1,0
Ultrasound Scanner,2025-10-14 08:28:22.848365,6.42,38.49,0,0
Ultrasound Scanner,2025-10-15 08:28:22.848365,6.0,40.26,1,0
Ultrasound Scanner,2025-10-16 08:28:22.848365,8.85,36.94,0,0
Ultrasound Scanner,2025-10-17 08:28:22.848365,7.08,40.19,0,0
Ultrasound Scanner,2025-10-18 08:28:22.848365,5.98,37.22,1,0
Ultrasound Scanner,2025-10-19 08:28:22.848365,7.41,37.05,0,0
Ultrasound Scanner,2025-10-20 08:28:22.848365,5.26,40.95,0,0
Ultrasound Scanner,2025-10-21 08:28:22.848365,6.86,40.6,0,0
Ultrasound Scanner,2025-10-22 08:28:22.848365,7.14,36.76,0,0
Ultrasound Scanner,2025-10-23 08:28:22.848365,7.54,38.27,0,0
Ultrasound Scanner,2025-10-24 08:28:22.848365,5.44,36.76,0,0
Ultrasound Scanner,2025-10-25 08:28:22.848365,6.93,38.8,0,0
Ultrasound Scanner,2025-10-26 08:28:22.848365,7.45,37.35,0,0
Ultrasound Scanner,2025-10-27 08:28:22.848365,8.02,38.46,0,0
Ultrasound Scanner,2025-10-28 08:28:22.848365,4.79,39.0,0,0
Ultrasound Scanner,2025-10-29 08:28:22.848365,7.47,37.89,0,0
Ultrasound Scanner,2025-10-30 08:28:22.848365,8.38,39.9,0,0
Ultrasound Scanner,2025-10-31 08:28:22.848365,6.41,37.18,1,0
Ultrasound Scanner,2025-11-01 08:28:22.848365,6.44,36.52,0,0
Ultrasound Scanner,2025-11-02 08:28:22.848365,8.58,37.53,0,0
Ultrasound Scanner,2025-11-03 08:28:22.848365,6.93,39.7,0,0
Ultrasound Scanner,2025-11-04 08:28:22.848365,6.47,33.3,1,0
Ultrasound Scanner,2025-11-05 08:28:22.848365,7.42,39.98,0,0
X-Ray Machine,2025-06-09 08:28:22.848365,8.02,33.03,1,0
X-Ray Machine,2025-06-10 08:28:22.848365,8.4,31.62,1,0
X-Ray Machine,2025-06-11 08:28:22.848365,8.83,31.62,0,0
X-Ray Machine,2025-06-12 08:28:22.848365,8.66,34.85,0,0
X-Ray Machine,2025-06-13 08:28:22.848365,9.64,32.81,0,0
X-Ray Machine,2025-06-14 08:28:22.848365,7.5,34.49,1,0
X-Ray Machine,2025-06-15 08:28:22.848365,9.33,32.8,2,0
X-Ray Machine,2025-06-16 08:28:22.848365,9.86,34.91,0,0
X-Ray Machine,2025-06-17 08:28:22.848365,9.05,35.72,0,0
X-Ray Machine,2025-06-18 08:28:22.848365,10.21,33.16,0,0
X-Ray Machine,2025-06-19 08:28:22.848365,9.29,32.51,0,0
X-Ray Machine,2025-06-20 08:28:22.848365,9.85,34.63,1,0
X-Ray Machine,2025-06-21 08:28:22.848365,8.69,33.86,2,0
X-Ray Machine,2025-06-22 08:28:22.848365,8.7,33.87,2,0
X-Ray Machine,2025-06-23 08:28:22.848365,12.15,33.17,0,1
X-Ray Machine,2025-06-24 08:28:22.848365,8.45,35.39,0,0
X-Ray Machine,2025-06-25 08:28:22.848365,10.69,33.62,1,0
X-Ray Machine,2025-06-26 08:28:22.848365,8.18,32.88,0,0
X-Ray Machine,2025-06-27 08:28:22.848365,8.48,34.79,1,0
X-Ray Machine,2025-06-28 08:28:22.848365,10.02,35.14,0,0
X-Ray Machine,2025-06-29 08:28:22.848365,9.21,32.5,0,0
X-Ray Machine,2025-06-30 08:28:22.848365,10.91,35.69,1,0
X-Ray Machine,2025-07-01 08:28:22.848365,10.96,32.59,1,0
X-Ray Machine,2025-07-02 08:28:22.848365,8.54,34.37,1,0
X-Ray Machine,2025-07-03 08:28:22.848365,8.28,35.35,0,0
X-Ray Machine,2025-07-04 08:28:22.848365,7.58,32.94,0,0
X-Ray Machine,2025-07-05 08:28:22.848365,9.98,33.95,1,0
X-Ray Machine,2025-07-06 08:28:22.848365,9.63,36.17,0,0
X-Ray Machine,2025-07-07 08:28:22.848365,9.66,33.11,0,0
X-Ray Machine,2025-07-08 08:28:22.848365,9.82,33.25,1,0
X-Ray Machine,2025-07-09 08:28:22.848365,8.8,31.83,0,0
X-Ray Machine,2025-07-10 08:28:22.848365,9.05,34.04,0,0
X-Ray Machine,2025-07-11 08:28:22.848365,9.25,34.56,0,0
X-Ray Machine,2025-07-12 08:28:22.848365,10.23,30.79,0,0
X-Ray Machine,2025-07-13 08:28:22.848365,10.62,32.75,0,0
X-Ray Machine,2025-07-14 08:28:22.848365,7.98,31.85,0,0
X-Ray Machine,2025-07-15 08:28:22.848365,9.42,33.27,0,0
X-Ray Machine,2025-07-16 08:28:22.848365,9.67,34.63,1,0
X-Ray Machine,2025-07-17 08:28:22.848365,6.94,33.73,0,0
X-Ray Machine,2025-07-18 08:28:22.848365,8.44,35.15,0,0
X-Ray Machine,2025-07-19 08:28:22.848365,9.66,31.85,0,0
X-Ray Machine,2025-07-20 08:28:22.848365,8.29,29.0,0,0
X-Ray Machine,2025-07-21 08:28:22.848365,7.37,33.39,0,0
X-Ray Machine,2025-07-22 08:28:22.848365,8.47,34.78,0,0
X-Ray Machine,2025-07-23 08:28:22.848365,7.65,36.87,0,0
X-Ray Machine,2025-07-24 08:28:22.848365,9.89,34.15,0,0
X-Ray Machine,2025-07-25 08:28:22.848365,9.01,33.1,0,0
X-Ray Machine,2025-07-26 08:28:22.848365,7.55,35.17,0,0
X-Ray Machine,2025-07-27 08:28:22.848365,8.73,34.77,1,0
X-Ray Machine,2025-07-28 08:28:22.848365,9.04,37.06,0,0
X-Ray Machine,2025-07-29 08:28:22.848365,9.59,30.57,0,0
X-Ray Machine,2025-07-30 08:28:22.848365,8.54,37.33,0,0
X-Ray Machine,2025-07-31 08:28:22.848365,10.1,33.39,0,0
X-Ray Machine,2025-08-01 08:28:22.848365,8.13,34.2,0,0
X-Ray Machine,2025-08-02 08:28:22.848365,8.26,35.62,0,0
X-Ray Machine,2025-08-03 08:28:22.848365,8.25,33.18,0,0
X-Ray Machine,2025-08-04 08:28:22.848365,11.62,35.83,0,0
X-Ray Machine,2025-08-05 08:28:22.848365,7.05,31.73,0,0
X-Ray Machine,2025-08-06 08:28:22.848365,7.85,35.68,0,0
X-Ray Machine,2025-08-07 08:28:22.848365,9.1,31.3,0,0
X-Ray Machine,2025-08-08 08:28:22.848365,10.33,35.39,0,0
X-Ray Machine,2025-08-09 08:28:22.848365,7.92,36.03,0,0
X-Ray Machine,2025-08-10 08:28:22.848365,8.39,35.25,0,0
X-Ray Machine,2025-08-11 08:28:22.848365,6.83,34.35,0,0
X-Ray Machine,2025-08-12 08:28:22.848365,7.14,33.92,0,0
X-Ray Machine,2025-08-13 08:28:22.848365,8.48,33.04,0,0
X-Ray Machine,2025-08-14 08:28:22.848365,8.06,35.31,0,0
X-Ray Machine,2025-08-15 08:28:22.848365,10.35,31.92,0,0
X-Ray Machine,2025-08-16 08:28:22.848365,9.18,35.35,0,0
X-Ray Machine,2025-08-17 08:28:22.848365,8.2,33.7,0,0
X-Ray Machine,2025-08-18 08:28:22.848365,8.72,34.16,1,0
X-Ray Machine,2025-08-19 08:28:22.848365,8.01,35.45,1,0
X-Ray Machine,2025-08-20 08:28:22.848365,8.88,34.73,0,0
X-Ray Machine,2025-08-21 08:28:22.848365,7.81,35.62,0,0
X-Ray Machine,2025-08-22 08:28:22.848365,8.79,32.53,0,0
X-Ray Machine,2025-08-23 08:28:22.848365,8.71,33.65,2,0
X-Ray Machine,2025-08-24 08:28:22.848365,9.57,34.32,0,0
X-Ray Machine,2025-08-25 08:28:22.848365,8.87,35.21,1,0
X-Ray Machine,2025-08-26 08:28:22.848365,9.81,32.23,0,0
X-Ray Machine,2025-08-27 08:28:22.848365,7.9,33.55,0,0
X-Ray Machine,2025-08-28 08:28:22.848365,8.66,34.77,0,0
X-Ray Machine,2025-08-29 08:28:22.848365,9.14,35.36,0,0
X-Ray Machine,2025-08-30 08:28:22.848365,6.68,32.97,0,0
X-Ray Machine,2025-08-31 08:28:22.848365,10.62,36.45,0,0
X-Ray Machine,2025-09-01 08:28:22.848365,9.97,36.76,0,0
X-Ray Machine,2025-09-02 08:28:22.848365,8.62,32.99,0,0
X-Ray Machine,2025-09-03 08:28:22.848365,9.92,32.7,1,0
X-Ray Machine,2025-09-04 08:28:22.848365,8.98,33.27,0,0
X-Ray Machine,2025-09-05 08:28:22.848365,6.75,35.39,0,0
X-Ray Machine,2025-09-06 08:28:22.848365,10.18,35.34,0,0
X-Ray Machine,2025-09-07 08:28:22.848365,8.19,35.13,0,0
X-Ray Machine,2025-09-08 08:28:22.848365,7.87,34.76,0,0
X-Ray Machine,2025-09-09 08:28:22.848365,9.31,34.26,0,0
X-Ray Machine,2025-09-10 08:28:22.848365,8.71,33.3,0,0
X-Ray Machine,2025-09-11 08:28:22.848365,8.69,35.76,1,0
X-Ray Machine,2025-09-12 08:28:22.848365,9.6,33.41,0,0
X-Ray Machine,2025-09-13 08:28:22.848365,7.28,37.32,1,0
X-Ray Machine,2025-09-14 08:28:22.848365,10.31,33.33,0,0
X-Ray Machine,2025-09-15 08:28:22.848365,6.94,35.05,2,0
X-Ray Machine,2025-09-16 08:28:22.848365,8.13,33.8,0,0
X-Ray Machine,2025-09-17 08:28:22.848365,8.24,34.87,1,0
X-Ray Machine,2025-09-18 08:28:22.848365,7.38,33.64,1,0
X-Ray Machine,2025-09-19 08:28:22.848365,8.24,34.51,0,0
X-Ray Machine,2025-09-20 08:28:22.848365,10.23,33.84,1,0
X-Ray Machine,2025-09-21 08:28:22.848365,9.32,33.52,0,0
X-Ray Machine,2025-09-22 08:28:22.848365,9.73,32.98,0,0
X-Ray Machine,2025-09-23 08:28:22.848365,7.53,35.75,0,0
X-Ray Machine,2025-09-24 08:28:22.848365,9.35,34.16,0,0
X-Ray Machine,2025-09-25 08:28:22.848365,8.0,36.84,0,0
X-Ray Machine,2025-09-26 08:28:22.848365,8.93,33.95,0,0
X-Ray Machine,2025-09-27 08:28:22.848365,9.86,32.07,0,0
X-Ray Machine,2025-09-28 08:28:22.848365,9.33,32.94,1,0
X-Ray Machine,2025-09-29 08:28:22.848365,8.34,34.06,1,0
X-Ray Machine,2025-09-30 08:28:22.848365,7.61,32.71,0,0
X-Ray Machine,2025-10-01 08:28:22.848365,8.69,33.76,0,0
X-Ray Machine,2025-10-02 08:28:22.848365,8.65,33.88,0,0
X-Ray Machine,2025-10-03 08:28:22.848365,9.48,33.67,0,0
X-Ray Machine,2025-10-04 08:28:22.848365,8.99,32.16,1,0
X-Ray Machine,2025-10-05 08:28:22.848365,11.3,34.78,0,0
X-Ray Machine,2025-10-06 08:28:22.848365,10.11,33.94,0,0
X-Ray Machine,2025-10-07 08:28:22.848365,8.33,30.33,0,0
X-Ray Machine,2025-10-08 08:28:22.848365,8.72,32.04,0,0
X-Ray Machine,2025-10-09 08:28:22.848365,6.52,32.97,0,0
X-Ray Machine,2025-10-10 08:28:22.848365,9.26,32.16,0,0
X-Ray Machine,2025-10-11 08:28:22.848365,8.7,36.83,1,0
X-Ray Machine,2025-10-12 08:28:22.848365,10.48,34.51,0,0
X-Ray Machine,2025-10-13 08:28:22.848365,7.87,33.19,0,0
X-Ray Machine,2025-10-14 08:28:22.848365,10.04,35.83,0,0
X-Ray Machine,2025-10-15 08:28:22.848365,8.82,33.82,0,0
X-Ray Machine,2025-10-16 08:28:22.848365,9.75,34.03,0,0
X-Ray Machine,2025-10-17 08:28:22.848365,9.84,36.11,0,0
X-Ray Machine,2025-10-18 08:28:22.848365,8.08,33.53,1,0
X-Ray Machine,2025-10-19 08:28:22.848365,10.38,36.74,0,0
X-Ray Machine,2025-10-20 08:28:22.848365,10.97,32.09,0,0
X-Ray Machine,2025-10-21 08:28:22.848365,10.61,33.03,1,0
X-Ray Machine,2025-10-22 08:28:22.848365,10.76,30.34,0,0
X-Ray Machine,2025-10-23 08:28:22.848365,6.95,35.34,0,0
X-Ray Machine,2025-10-24 08:28:22.848365,7.95,32.56,0,0
X-Ray Machine,2025-10-25 08:28:22.848365,7.24,35.01,1,0
X-Ray Machine,2025-10-26 08:28:22.848365,8.94,36.46,0,0
X-Ray Machine,2025-10-27 08:28:22.848365,8.29,33.93,0,0
X-Ray Machine,2025-10-28 08:28:22.848365,9.78,34.31,1,0
X-Ray Machine,2025-10-29 08:28:22.848365,8.58,31.84,0,0
X-Ray Machine,2025-10-30 08:28:22.848365,8.17,34.71,0,0
X-Ray Machine,2025-10-31 08:28:22.848365,8.71,33.55,1,0
X-Ray Machine,2025-11-01 08:28:22.848365,10.22,31.37,0,0
X-Ray Machine,2025-11-02 08:28:22.848365,8.78,32.75,0,0
X-Ray Machine,2025-11-03 08:28:22.848365,8.69,33.29,0,0
X-Ray Machine,2025-11-04 08:28:22.848365,9.97,32.31,0,0
X-Ray Machine,2025-11-05 08:28:22.848365,9.66,34.16,0,0
Defibrillator,2025-06-09 08:28:22.848365,3.37,44.75,0,0
Defibrillator,2025-06-10 08:28:22.848365,5.77,42.77,0,0
Defibrillator,2025-06-11 08:28:22.848365,5.75,44.92,0,0
Defibrillator,2025-06-12 08:28:22.848365,4.57,42.15,0,0
Defibrillator,2025-06-13 08:28:22.848365,5.07,47.46,1,0
Defibrillator,2025-06-14 08:28:22.848365,5.15,40.89,1,0
Defibrillator,2025-06-15 08:28:22.848365,5.07,42.31,0,0
Defibrillator,2025-06-16 08:28:22.848365,4.42,46.2,1,0
Defibrillator,2025-06-17 08:28:22.848365,3.92,42.97,0,0
Defibrillator,2025-06-18 08:28:22.848365,3.88,44.93,0,0
Defibrillator,2025-06-19 08:28:22.848365,3.6,46.02,0,0
Defibrillator,2025-06-20 08:28:22.848365,5.46,41.18,0,0
Defibrillator,2025-06-21 08:28:22.848365,4.12,45.49,0,0
Defibrillator,2025-06-22 08:28:22.848365,5.2,42.82,1,0
Defibrillator,2025-06-23 08:28:22.848365,5.53,45.22,0,0
Defibrillator,2025-06-24 08:28:22.848365,5.12,42.31,0,0
Defibrillator,2025-06-25 08:28:22.848365,4.17,43.86,0,0
Defibrillator,2025-06-26 08:28:22.848365,4.55,45.34,1,0
Defibrillator,2025-06-27 08:28:22.848365,4.37,43.8,1,0
Defibrillator,2025-06-28 08:28:22.848365,4.65,43.38,0,0
Defibrillator,2025-06-29 08:28:22.848365,4.64,42.9,0,0
Defibrillator,2025-06-30 08:28:22.848365,5.44,44.04,0,0
Defibrillator,2025-07-01 08:28:22.848365,4.34,45.95,1,0
Defibrillator,2025-07-02 08:28:22.848365,5.06,47.37,0,0
Defibrillator,2025-07-03 08:28:22.848365,6.49,41.69,0,0
Defibrillator,2025-07-04 08:28:22.848365,4.56,42.68,0,0
Defibrillator,2025-07-05 08:28:22.848365,4.7,43.38,1,0
Defibrillator,2025-07-06 08:28:22.848365,5.07,44.75,1,0
Defibrillator,2025-07-07 08:28:22.848365,4.87,43.22,0,0
Defibrillator,2025-07-08 08:28:22.848365,6.98,42.1,1,0
Defibrillator,2025-07-09 08:28:22.848365,5.58,45.77,0,0
Defibrillator,2025-07-10 08:28:22.848365,2.86,44.33,0,0
Defibrillator,2025-07-11 08:28:22.848365,5.0,43.8,1,0
Defibrillator,2025-07-12 08:28:22.848365,5.18,44.44,1,0
Defibrillator,2025-07-13 08:28:22.848365,4.85,43.24,1,0
Defibrillator,2025-07-14 08:28:22.848365,4.77,42.07,1,0
Defibrillator,2025-07-15 08:28:22.848365,4.1,44.76,0,0
Defibrillator,2025-07-16 08:28:22.848365,4.88,43.5,0,0
Defibrillator,2025-07-17 08:28:22.848365,6.05,43.63,0,0
Defibrillator,2025-07-18 08:28:22.848365,5.51,45.03,0,0
Defibrillator,2025-07-19 08:28:22.848365,3.87,45.45,0,0
Defibrillator,2025-07-20 08:28:22.848365,3.75,43.18,0,0
Defibrillator,2025-07-21 08:28:22.848365,4.45,45.18,0,0
Defibrillator,2025-07-22 08:28:22.848365,4.81,46.27,0,0
Defibrillator,2025-07-23 08:28:22.848365,5.35,46.11,1,0
Defibrillator,2025-07-24 08:28:22.848365,4.87,46.63,0,0
Defibrillator,2025-07-25 08:28:22.848365,6.08,43.99,1,0
Defibrillator,2025-07-26 08:28:22.848365,4.82,44.43,1,0
Defibrillator,2025-07-27 08:28:22.848365,5.33,42.9,0,0
Defibrillator,2025-07-28 08:28:22.848365,5.36,47.46,0,0
Defibrillator,2025-07-29 08:28:22.848365,4.22,44.87,1,0
Defibrillator,2025-07-30 08:28:22.848365,5.99,43.59,0,0
Defibrillator,2025-07-31 08:28:22.848365,4.39,44.9,1,0
Defibrillator,2025-08-01 08:28:22.848365,4.14,46.43,0,0
Defibrillator,2025-08-02 08:28:22.848365,5.34,45.41,0,0
Defibrillator,2025-08-03 08:28:22.848365,4.44,42.99,0,0
Defibrillator,2025-08-04 08:28:22.848365,5.12,45.81,0,0
Defibrillator,2025-08-05 08:28:22.848365,5.44,43.98,0,0
Defibrillator,2025-08-06 08:28:22.848365,5.75,43.78,2,0
Defibrillator,2025-08-07 08:28:22.848365,3.89,43.04,0,0
Defibrillator,2025-08-08 08:28:22.848365,5.41,42.3,1,0
Defibrillator,2025-08-09 08:28:22.848365,4.45,43.07,0,0
Defibrillator,2025-08-10 08:28:22.848365,5.36,42.53,1,0
Defibrillator,2025-08-11 08:28:22.848365,3.81,43.07,0,0
Defibrillator,2025-08-12 08:28:22.848365,5.27,42.55,0,0
Defibrillator,2025-08-13 08:28:22.848365,4.56,45.44,0,0
Defibrillator,2025-08-14 08:28:22.848365,4.88,42.94,1,0
Defibrillator,2025-08-15 08:28:22.848365,6.87,47.07,0,0
Defibrillator,2025-08-16 08:28:22.848365,6.26,45.89,0,0
Defibrillator,2025-08-17 08:28:22.848365,4.75,42.82,1,0
Defibrillator,2025-08-18 08:28:22.848365,3.87,38.04,1,0
Defibrillator,2025-08-19 08:28:22.848365,4.02,43.92,0,0
Defibrillator,2025-08-20 08:28:22.848365,5.54,42.46,0,0
Defibrillator,2025-08-21 08:28:22.848365,4.78,41.62,0,0
Defibrillator,2025-08-22 08:28:22.848365,5.56,41.05,0,0
Defibrillator,2025-08-23 08:28:22.848365,5.06,44.72,0,0
Defibrillator,2025-08-24 08:28:22.848365,6.82,46.75,0,0
Defibrillator,2025-08-25 08:28:22.848365,6.64,42.99,1,0
Defibrillator,2025-08-26 08:28:22.848365,5.8,44.61,0,0
Defibrillator,2025-08-27 08:28:22.848365,5.27,46.81,1,0
Defibrillator,2025-08-28 08:28:22.848365,4.58,42.22,0,0
Defibrillator,2025-08-29 08:28:22.848365,4.52,43.69,0,0
Defibrillator,2025-08-30 08:28:22.848365,5.86,44.34,0,0
Defibrillator,2025-08-31 08:28:22.848365,3.18,43.26,0,0
Defibrillator,2025-09-01 08:28:22.848365,5.46,43.43,0,0
Defibrillator,2025-09-02 08:28:22.848365,5.33,45.0,0,0
Defibrillator,2025-09-03 08:28:22.848365,4.33,41.17,0,0
Defibrillator,2025-09-04 08:28:22.848365,4.79,44.16,0,0
Defibrillator,2025-09-05 08:28:22.848365,5.69,44.21,0,0
Defibrillator,2025-09-06 08:28:22.848365,5.97,42.3,0,0
Defibrillator,2025-09-07 08:28:22.848365,5.2,44.7,0,0
Defibrillator,2025-09-08 08:28:22.848365,4.52,41.16,0,0
Defibrillator,2025-09-09 08:28:22.848365,4.93,42.9,0,0
Defibrillator,2025-09-10 08:28:22.848365,5.26,45.32,0,0
Defibrillator,2025-09-11 08:28:22.848365,5.41,44.94,0,0
Defibrillator,2025-09-12 08:28:22.848365,6.32,44.14,0,0
Defibrillator,2025-09-13 08:28:22.848365,4.96,40.68,1,0
Defibrillator,2025-09-14 08:28:22.848365,4.21,41.61,1,0
Defibrillator,2025-09-15 08:28:22.848365,3.28,46.38,0,0
Defibrillator,2025-09-16 08:28:22.848365,4.32,43.41,0,0
Defibrillator,2025-09-17 08:28:22.848365,6.69,40.42,0,0
Defibrillator,2025-09-18 08:28:22.848365,6.05,46.71,1,0
Defibrillator,2025-09-19 08:28:22.848365,4.82,44.19,0,0
Defibrillator,2025-09-20 08:28:22.848365,5.57,47.14,1,0
Defibrillator,2025-09-21 08:28:22.848365,5.97,41.88,1,0
Defibrillator,2025-09-22 08:28:22.848365,6.12,42.68,0,0
Defibrillator,2025-09-23 08:28:22.848365,4.36,42.67,0,0
Defibrillator,2025-09-24 08:28:22.848365,5.83,45.45,1,0
Defibrillator,2025-09-25 08:28:22.848365,4.4,42.89,1,0
Defibrillator,2025-09-26 08:28:22.848365,3.58,44.42,0,0
Defibrillator,2025-09-27 08:28:22.848365,5.61,44.37,1,0
Defibrillator,2025-09-28 08:28:22.848365,5.28,44.21,0,0
Defibrillator,2025-09-29 08:28:22.848365,5.77,44.81,1,0
Defibrillator,2025-09-30 08:28:22.848365,3.78,43.27,0,0
Defibrillator,2025-10-01 08:28:22.848365,4.93,45.35,1,0
Defibrillator,2025-10-02 08:28:22.848365,4.24,47.13,1,0
Defibrillator,2025-10-03 08:28:22.848365,4.92,44.55,0,0
Defibrillator,2025-10-04 08:28:22.848365,5.45,45.5,1,0
Defibrillator,2025-10-05 08:28:22.848365,4.12,43.2,1,0
Defibrillator,2025-10-06 08:28:22.848365,4.93,43.79,0,0
Defibrillator,2025-10-07 08:28:22.848365,3.82,44.69,0,0
Defibrillator,2025-10-08 08:28:22.848365,6.44,46.44,0,0
Defibrillator,2025-10-09 08:28:22.848365,6.29,43.61,0,0
Defibrillator,2025-10-10 08:28:22.848365,4.32,44.47,0,0
Defibrillator,2025-10-11 08:28:22.848365,6.04,42.0,0,0
Defibrillator,2025-10-12 08:28:22.848365,4.47,44.3,0,0
Defibrillator,2025-10-13 08:28:22.848365,5.14,40.52,0,0
Defibrillator,2025-10-14 08:28:22.848365,5.47,44.78,0,0
Defibrillator,2025-10-15 08:28:22.848365,3.52,44.51,0,0
Defibrillator,2025-10-16 08:28:22.848365,5.57,42.61,0,0
Defibrillator,2025-10-17 08:28:22.848365,5.04,44.13,0,0
Defibrillator,2025-10-18 08:28:22.848365,6.47,45.02,0,0
Defibrillator,2025-10-19 08:28:22.848365,5.8,44.21,0,0
Defibrillator,2025-10-20 08:28:22.848365,5.86,42.45,1,0
Defibrillator,2025-10-21 08:28:22.848365,5.63,44.72,0,0
Defibrillator,2025-10-22 08:28:22.848365,4.78,44.66,0,0
Defibrillator,2025-10-23 08:28:22.848365,5.99,48.31,0,1
Defibrillator,2025-10-24 08:28:22.848365,3.41,43.05,0,0
Defibrillator,2025-10-25 08:28:22.848365,5.02,45.0,1,0
Defibrillator,2025-10-26 08:28:22.848365,5.08,45.2,1,0
Defibrillator,2025-10-27 08:28:22.848365,6.64,42.58,0,0
Defibrillator,2025-10-28 08:28:22.848365,4.08,44.32,0,0
Defibrillator,2025-10-29 08:28:22.848365,4.49,44.28,3,0
Defibrillator,2025-10-30 08:28:22.848365,5.62,47.18,0,0
Defibrillator,2025-10-31 08:28:22.848365,5.9,39.6,0,0
Defibrillator,2025-11-01 08:28:22.848365,4.84,43.15,1,0
Defibrillator,2025-11-02 08:28:22.848365,4.9,41.91,0,0
Defibrillator,2025-11-03 08:28:22.848365,7.49,43.9,0,0
Defibrillator,2025-11-04 08:28:22.848365,5.27,41.19,0,0
Defibrillator,2025-11-05 08:28:22.848365,5.0,42.08,0,0
Patient Monitor,2025-06-09 08:28:22.848365,1.48,38.34,1,0
Patient Monitor,2025-06-10 08:28:22.848365,0.72,42.24,0,0
Patient Monitor,2025-06-11 08:28:22.848365,1.75,44.32,0,0
Patient Monitor,2025-06-12 08:28:22.848365,2.33,42.28,0,0
Patient Monitor,2025-06-13 08:28:22.848365,1.27,39.95,1,0
Patient Monitor,2025-06-14 08:28:22.848365,2.32,41.68,1,0
Patient Monitor,2025-06-15 08:28:22.848365,2.76,43.22,1,0
Patient Monitor,2025-06-16 08:28:22.848365,0.98,43.92,1,0
Patient Monitor,2025-06-17 08:28:22.848365,1.4,40.42,1,0
Patient Monitor,2025-06-18 08:28:22.848365,1.48,39.75,1,0
Patient Monitor,2025-06-19 08:28:22.848365,2.38,39.35,0,0
Patient Monitor,2025-06-20 08:28:22.848365,0.2,42.9,0,0
Patient Monitor,2025-06-21 08:28:22.848365,1.99,42.69,0,0
Patient Monitor,2025-06-22 08:28:22.848365,1.19,43.93,0,0
Patient Monitor,2025-06-23 08:28:22.848365,3.13,43.75,0,0
Patient Monitor,2025-06-24 08:28:22.848365,0.69,41.37,0,0
Patient Monitor,2025-06-25 08:28:22.848365,3.37,39.49,1,0
Patient Monitor,2025-06-26 08:28:22.848365,2.34,41.97,0,0
Patient Monitor,2025-06-27 08:28:22.848365,1.99,42.03,0,0
Patient Monitor,2025-06-28 08:28:22.848365,1.24,40.7,0,0
Patient Monitor,2025-06-29 08:28:22.848365,1.79,40.94,1,0
Patient Monitor,2025-06-30 08:28:22.848365,2.26,40.42,0,0
Patient Monitor,2025-07-01 08:28:22.848365,3.34,39.69,0,0
Patient Monitor,2025-07-02 08:28:22.848365,2.87,40.33,1,0
Patient Monitor,2025-07-03 08:28:22.848365,2.08,44.49,2,0
Patient Monitor,2025-07-04 08:28:22.848365,3.01,42.59,2,0
Patient Monitor,2025-07-05 08:28:22.848365,1.5,43.62,0,0
Patient Monitor,2025-07-06 08:28:22.848365,3.2,44.46,0,0
Patient Monitor,2025-07-07 08:28:22.848365,2.9,42.05,0,0
Patient Monitor,2025-07-08 08:28:22.848365,3.13,44.73,0,0
Patient Monitor,2025-07-09 08:28:22.848365,2.71,39.01,1,0
Patient Monitor,2025-07-10 08:28:22.848365,2.89,43.47,0,0
Patient Monitor,2025-07-11 08:28:22.848365,3.18,42.02,0,0
Patient Monitor,2025-07-12 08:28:22.848365,2.07,42.37,0,0
Patient Monitor,2025-07-13 08:28:22.848365,-0.31,38.43,1,0
Patient Monitor,2025-07-14 08:28:22.848365,1.47,39.96,0,0
Patient Monitor,2025-07-15 08:28:22.848365,3.48,39.75,0,0
Patient Monitor,2025-07-16 08:28:22.848365,1.29,42.09,0,0
Patient Monitor,2025-07-17 08:28:22.848365,1.62,39.95,0,0
Patient Monitor,2025-07-18 08:28:22.848365,2.48,42.69,0,0
Patient Monitor,2025-07-19 08:28:22.848365,0.98,41.78,0,0
Patient Monitor,2025-07-20 08:28:22.848365,2.0,41.29,0,0
Patient Monitor,2025-07-21 08:28:22.848365,1.23,41.16,0,0
Patient Monitor,2025-07-22 08:28:22.848365,0.55,42.82,0,0
Patient Monitor,2025-07-23 08:28:22.848365,3.58,42.08,2,0
Patient Monitor,2025-07-24 08:28:22.848365,2.1,43.41,0,0
Patient Monitor,2025-07-25 08:28:22.848365,0.9,41.71,1,0
Patient Monitor,2025-07-26 08:28:22.848365,1.98,42.1,0,0
Patient Monitor,2025-07-27 08:28:22.848365,1.32,42.83,1,0
Patient Monitor,2025-07-28 08:28:22.848365,2.36,45.42,0,0
Patient Monitor,2025-07-29 08:28:22.848365,1.71,43.25,0,0
Patient Monitor,2025-07-30 08:28:22.848365,1.79,39.45,0,0
Patient Monitor,2025-07-31 08:28:22.848365,1.28,42.77,0,0
Patient Monitor,2025-08-01 08:28:22.848365,1.31,43.17,1,0
Patient Monitor,2025-08-02 08:28:22.848365,1.73,42.98,2,0
Patient Monitor,2025-08-03 08:28:22.848365,1.87,41.14,0,0
Patient Monitor,2025-08-04 08:28:22.848365,3.41,42.97,1,0
Patient Monitor,2025-08-05 08:28:22.848365,2.56,42.21,0,0
Patient Monitor,2025-08-06 08:28:22.848365,0.64,41.45,1,0
Patient Monitor,2025-08-07 08:28:22.848365,0.85,42.93,0,0
Patient Monitor,2025-08-08 08:28:22.848365,0.28,42.89,0,0
Patient Monitor,2025-08-09 08:28:22.848365,2.55,44.65,1,0
Patient Monitor,2025-08-10 08:28:22.848365,3.76,43.24,0,0
Patient Monitor,2025-08-11 08:28:22.848365,0.15,44.69,0,0
Patient Monitor,2025-08-12 08:28:22.848365,3.09,43.52,0,0
Patient Monitor,2025-08-13 08:28:22.848365,2.49,41.98,0,0
Patient Monitor,2025-08-14 08:28:22.848365,2.05,40.74,0,0
Patient Monitor,2025-08-15 08:28:22.848365,3.12,40.92,0,0
Patient Monitor,2025-08-16 08:28:22.848365,1.88,40.22,1,0
Patient Monitor,2025-08-17 08:28:22.848365,3.22,41.5,0,0
Patient Monitor,2025-08-18 08:28:22.848365,2.57,42.13,0,0
Patient Monitor,2025-08-19 08:28:22.848365,2.5,44.38,0,0
Patient Monitor,2025-08-20 08:28:22.848365,0.53,41.6,0,0
Patient Monitor,2025-08-21 08:28:22.848365,2.94,43.69,0,0
Patient Monitor,2025-08-22 08:28:22.848365,2.08,41.11,0,0
Patient Monitor,2025-08-23 08:28:22.848365,2.66,41.45,0,0
Patient Monitor,2025-08-24 08:28:22.848365,1.65,42.58,0,0
Patient Monitor,2025-08-25 08:28:22.848365,1.32,42.8,0,0
Patient Monitor,2025-08-26 08:28:22.848365,2.47,40.16,0,0
Patient Monitor,2025-08-27 08:28:22.848365,1.68,39.76,0,0
Patient Monitor,2025-08-28 08:28:22.848365,3.6,42.38,0,0
Patient Monitor,2025-08-29 08:28:22.848365,3.82,45.57,0,0
Patient Monitor,2025-08-30 08:28:22.848365,2.62,42.42,0,0
Patient Monitor,2025-08-31 08:28:22.848365,3.02,40.51,0,0
Patient Monitor,2025-09-01 08:28:22.848365,1.92,41.01,0,0
Patient Monitor,2025-09-02 08:28:22.848365,2.35,45.22,0,0
Patient Monitor,2025-09-03 08:28:22.848365,1.84,41.92,0,0
Patient Monitor,2025-09-04 08:28:22.848365,2.23,43.17,0,0
Patient Monitor,2025-09-05 08:28:22.848365,2.06,41.37,2,0
Patient Monitor,2025-09-06 08:28:22.848365,2.42,44.5,0,0
Patient Monitor,2025-09-07 08:28:22.848365,3.72,40.81,1,0
Patient Monitor,2025-09-08 08:28:22.848365,3.9,40.85,0,0
Patient Monitor,2025-09-09 08:28:22.848365,1.96,42.9,0,0
Patient Monitor,2025-09-10 08:28:22.848365,2.21,42.09,2,0
Patient Monitor,2025-09-11 08:28:22.848365,0.52,41.5,0,0
Patient Monitor,2025-09-12 08:28:22.848365,1.61,40.71,0,0
Patient Monitor,2025-09-13 08:28:22.848365,1.89,42.46,1,0
Patient Monitor,2025-09-14 08:28:22.848365,1.64,40.64,0,0
Patient Monitor,2025-09-15 08:28:22.848365,2.41,44.84,1,0
Patient Monitor,2025-09-16 08:28:22.848365,2.61,42.04,0,0
Patient Monitor,2025-09-17 08:28:22.848365,1.39,42.35,0,0
Patient Monitor,2025-09-18 08:28:22.848365,3.28,40.59,1,0
Patient Monitor,2025-09-19 08:28:22.848365,2.46,43.38,1,0
Patient Monitor,2025-09-20 08:28:22.848365,2.54,41.73,0,0
Patient Monitor,2025-09-21 08:28:22.848365,2.28,39.21,1,0
Patient Monitor,2025-09-22 08:28:22.848365,2.13,42.35,0,0
Patient Monitor,2025-09-23 08:28:22.848365,0.89,41.23,1,0
Patient Monitor,2025-09-24 08:28:22.848365,0.15,39.84,0,0
Patient Monitor,2025-09-25 08:28:22.848365,0.95,46.44,0,0
Patient Monitor,2025-09-26 08:28:22.848365,1.99,42.24,0,0
Patient Monitor,2025-09-27 08:28:22.848365,1.27,43.09,1,0
Patient Monitor,2025-09-28 08:28:22.848365,3.06,39.76,0,0
Patient Monitor,2025-09-29 08:28:22.848365,3.34,44.44,0,0
Patient Monitor,2025-09-30 08:28:22.848365,1.69,41.37,0,0
Patient Monitor,2025-10-01 08:28:22.848365,2.07,40.25,0,0
Patient Monitor,2025-10-02 08:28:22.848365,1.96,41.47,0,0
Patient Monitor,2025-10-03 08:28:22.848365,3.83,42.83,1,0
Patient Monitor,2025-10-04 08:28:22.848365,2.78,44.08,0,0
Patient Monitor,2025-10-05 08:28:22.848365,1.01,41.95,0,0
Patient Monitor,2025-10-06 08:28:22.848365,0.19,41.58,0,0
Patient Monitor,2025-10-07 08:28:22.848365,2.27,40.51,0,0
Patient Monitor,2025-10-08 08:28:22.848365,1.62,42.51,0,0
Patient Monitor,2025-10-09 08:28:22.848365,-0.01,41.08,0,0
Patient Monitor,2025-10-10 08:28:22.848365,2.43,40.82,0,0
Patient Monitor,2025-10-11 08:28:22.848365,4.48,42.21,0,0
Patient Monitor,2025-10-12 08:28:22.848365,2.51,40.99,0,0
Patient Monitor,2025-10-13 08:28:22.848365,1.11,42.95,0,0
Patient Monitor,2025-10-14 08:28:22.848365,2.6,43.27,1,0
Patient Monitor,2025-10-15 08:28:22.848365,2.92,40.36,1,0
Patient Monitor,2025-10-16 08:28:22.848365,3.02,42.42,1,0
Patient Monitor,2025-10-17 08:28:22.848365,1.94,41.64,1,0
Patient Monitor,2025-10-18 08:28:22.848365,-0.09,39.7,1,0
Patient Monitor,2025-10-19 08:28:22.848365,3.86,42.89,1,0
Patient Monitor,2025-10-20 08:28:22.848365,3.37,41.46,0,0
Patient Monitor,2025-10-21 08:28:22.848365,1.27,42.4,1,0
Patient Monitor,2025-10-22 08:28:22.848365,3.63,39.97,0,0
Patient Monitor,2025-10-23 08:28:22.848365,2.46,42.44,0,0
Patient Monitor,2025-10-24 08:28:22.848365,1.47,42.62,1,0
Patient Monitor,2025-10-25 08:28:22.848365,1.92,41.5,0,0
Patient Monitor,2025-10-26 08:28:22.848365,1.62,41.5,0,0
Patient Monitor,2025-10-27 08:28:22.848365,3.8,45.3,0,0
Patient Monitor,2025-10-28 08:28:22.848365,0.73,43.53,0,0
Patient Monitor,2025-10-29 08:28:22.848365,1.32,39.99,0,0
Patient Monitor,2025-10-30 08:28:22.848365,1.66,42.75,0,0
Patient Monitor,2025-10-31 08:28:22.848365,0.57,40.11,0,0
Patient Monitor,2025-11-01 08:28:22.848365,2.15,41.97,1,0
Patient Monitor,2025-11-02 08:28:22.848365,2.61,43.61,0,0
Patient Monitor,2025-11-03 08:28:22.848365,3.06,42.78,0,0
Patient Monitor,2025-11-04 08:28:22.848365,2.39,42.44,1,0
Patient Monitor,2025-11-05 08:28:22.848365,1.65,42.8,0,0
Anesthesia Machine,2025-06-09 08:28:22.848365,4.75,34.36,0,0
Anesthesia Machine,2025-06-10 08:28:22.848365,6.57,35.75,0,0
Anesthesia Machine,2025-06-11 08:28:22.848365,4.68,36.78,0,0
Anesthesia Machine,2025-06-12 08:28:22.848365,5.54,35.51,0,0
Anesthesia Machine,2025-06-13 08:28:22.848365,6.51,37.3,0,0
Anesthesia Machine,2025-06-14 08:28:22.848365,5.4,37.78,0,0
Anesthesia Machine,2025-06-15 08:28:22.848365,5.31,35.56,0,0
Anesthesia Machine,2025-06-16 08:28:22.848365,5.09,36.71,0,0
Anesthesia Machine,2025-06-17 08:28:22.848365,4.43,35.0,0,0
Anesthesia Machine,2025-06-18 08:28:22.848365,4.98,37.51,0,0
Anesthesia Machine,2025-06-19 08:28:22.848365,6.17,37.68,0,0
Anesthesia Machine,2025-06-20 08:28:22.848365,5.92,38.5,0,0
Anesthesia Machine,2025-06-21 08:28:22.848365,7.21,39.59,0,0
Anesthesia Machine,2025-06-22 08:28:22.848365,7.12,36.44,0,0
Anesthesia Machine,2025-06-23 08:28:22.848365,6.52,37.2,0,0
Anesthesia Machine,2025-06-24 08:28:22.848365,4.65,36.04,1,0
Anesthesia Machine,2025-06-25 08:28:22.848365,6.32,37.26,1,0
Anesthesia Machine,2025-06-26 08:28:22.848365,2.6,37.47,0,0
Anesthesia Machine,2025-06-27 08:28:22.848365,5.6,35.17,1,0
Anesthesia Machine,2025-06-28 08:28:22.848365,4.17,34.98,0,0
Anesthesia Machine,2025-06-29 08:28:22.848365,5.23,35.98,0,0
Anesthesia Machine,2025-06-30 08:28:22.848365,3.51,33.36,1,0
Anesthesia Machine,2025-07-01 08:28:22.848365,4.83,35.56,0,0
Anesthesia Machine,2025-07-02 08:28:22.848365,3.88,35.48,0,0
Anesthesia Machine,2025-07-03 08:28:22.848365,5.41,37.79,0,0
Anesthesia Machine,2025-07-04 08:28:22.848365,6.77,35.09,1,0
Anesthesia Machine,2025-07-05 08:28:22.848365,5.88,38.5,0,0
Anesthesia Machine,2025-07-06 08:28:22.848365,4.54,37.86,0,0
Anesthesia Machine,2025-07-07 08:28:22.848365,4.55,38.14,1,0
Anesthesia Machine,2025-07-08 08:28:22.848365,4.47,37.66,2,0
Anesthesia Machine,2025-07-09 08:28:22.848365,3.97,35.65,0,0
Anesthesia Machine,2025-07-10 08:28:22.848365,6.03,38.89,1,0
Anesthesia Machine,2025-07-11 08:28:22.848365,4.75,36.41,0,0
Anesthesia Machine,2025-07-12 08:28:22.848365,6.98,36.68,0,0
Anesthesia Machine,2025-07-13 08:28:22.848365,4.61,34.94,0,0
Anesthesia Machine,2025-07-14 08:28:22.848365,4.84,35.04,1,0
Anesthesia Machine,2025-07-15 08:28:22.848365,6.54,38.36,0,0
Anesthesia Machine,2025-07-16 08:28:22.848365,5.78,36.31,1,0
Anesthesia Machine,2025-07-17 08:28:22.848365,4.34,37.57,0,0
Anesthesia Machine,2025-07-18 08:28:22.848365,6.66,34.5,0,0
Anesthesia Machine,2025-07-19 08:28:22.848365,4.9,39.56,2,0
Anesthesia Machine,2025-07-20 08:28:22.848365,3.71,37.05,0,0
Anesthesia Machine,2025-07-21 08:28:22.848365,7.03,33.39,0,0
Anesthesia Machine,2025-07-22 08:28:22.848365,3.78,34.48,0,0
Anesthesia Machine,2025-07-23 08:28:22.848365,4.18,35.8,2,0
Anesthesia Machine,2025-07-24 08:28:22.848365,3.02,33.15,1,0
Anesthesia Machine,2025-07-25 08:28:22.848365,6.82,37.03,1,0
Anesthesia Machine,2025-07-26 08:28:22.848365,6.5,36.13,1,0
Anesthesia Machine,2025-07-27 08:28:22.848365,5.3,34.32,1,0
Anesthesia Machine,2025-07-28 08:28:22.848365,3.93,34.06,1,0
Anesthesia Machine,2025-07-29 08:28:22.848365,5.22,36.96,0,0
Anesthesia Machine,2025-07-30 08:28:22.848365,4.66,35.37,2,0
Anesthesia Machine,2025-07-31 08:28:22.848365,2.97,38.45,0,0
Anesthesia Machine,2025-08-01 08:28:22.848365,4.02,36.25,0,0
Anesthesia Machine,2025-08-02 08:28:22.848365,3.94,34.5,0,0
Anesthesia Machine,2025-08-03 08:28:22.848365,4.41,33.08,0,0
Anesthesia Machine,2025-08-04 08:28:22.848365,6.26,34.2,0,0
Anesthesia Machine,2025-08-05 08:28:22.848365,3.92,33.6,0,0
Anesthesia Machine,2025-08-06 08:28:22.848365,3.8,36.0,0,0
Anesthesia Machine,2025-08-07 08:28:22.848365,3.51,34.97,0,0
Anesthesia Machine,2025-08-08 08:28:22.848365,2.44,34.9,1,0
Anesthesia Machine,2025-08-09 08:28:22.848365,3.66,35.43,0,0
Anesthesia Machine,2025-08-10 08:28:22.848365,5.11,33.91,1,0
Anesthesia Machine,2025-08-11 08:28:22.848365,5.45,34.5,1,0
Anesthesia Machine,2025-08-12 08:28:22.848365,4.57,34.89,0,0
Anesthesia Machine,2025-08-13 08:28:22.848365,6.6,35.66,0,0
Anesthesia Machine,2025-08-14 08:28:22.848365,3.91,35.98,1,0
Anesthesia Machine,2025-08-15 08:28:22.848365,4.31,35.9,0,0
Anesthesia Machine,2025-08-16 08:28:22.848365,6.05,38.81,1,0
Anesthesia Machine,2025-08-17 08:28:22.848365,4.94,34.1,0,0
Anesthesia Machine,2025-08-18 08:28:22.848365,5.34,38.67,1,0
Anesthesia Machine,2025-08-19 08:28:22.848365,4.01,34.64,0,0
Anesthesia Machine,2025-08-20 08:28:22.848365,5.15,38.26,0,0
Anesthesia Machine,2025-08-21 08:28:22.848365,4.65,35.61,0,0
Anesthesia Machine,2025-08-22 08:28:22.848365,4.32,37.95,0,0
Anesthesia Machine,2025-08-23 08:28:22.848365,5.33,36.1,0,0
Anesthesia Machine,2025-08-24 08:28:22.848365,4.9,33.73,0,0
Anesthesia Machine,2025-08-25 08:28:22.848365,2.82,35.94,0,0
Anesthesia Machine,2025-08-26 08:28:22.848365,3.23,35.82,0,0
Anesthesia Machine,2025-08-27 08:28:22.848365,3.99,35.75,1,0
Anesthesia Machine,2025-08-28 08:28:22.848365,3.36,38.91,0,0
Anesthesia Machine,2025-08-29 08:28:22.848365,4.01,35.5,0,0
Anesthesia Machine,2025-08-30 08:28:22.848365,5.22,32.49,0,0
Anesthesia Machine,2025-08-31 08:28:22.848365,3.7,34.12,0,0
Anesthesia Machine,2025-09-01 08:28:22.848365,4.09,35.12,0,0
Anesthesia Machine,2025-09-02 08:28:22.848365,4.6,36.35,1,0
Anesthesia Machine,2025-09-03 08:28:22.848365,4.97,36.56,0,0
Anesthesia Machine,2025-09-04 08:28:22.848365,3.68,36.73,1,0
Anesthesia Machine,2025-09-05 08:28:22.848365,5.49,34.33,0,0
Anesthesia Machine,2025-09-06 08:28:22.848365,4.51,36.67,0,0
Anesthesia Machine,2025-09-07 08:28:22.848365,5.78,34.17,0,0
Anesthesia Machine,2025-09-08 08:28:22.848365,4.25,35.54,1,0
Anesthesia Machine,2025-09-09 08:28:22.848365,4.05,37.93,0,0
Anesthesia Machine,2025-09-10 08:28:22.848365,4.33,36.53,0,0
Anesthesia Machine,2025-09-11 08:28:22.848365,5.91,35.43,0,0
Anesthesia Machine,2025-09-12 08:28:22.848365,5.03,37.83,0,0
Anesthesia Machine,2025-09-13 08:28:22.848365,4.34,32.9,0,0
Anesthesia Machine,2025-09-14 08:28:22.848365,6.49,35.09,1,0
Anesthesia Machine,2025-09-15 08:28:22.848365,5.43,34.4,0,0
Anesthesia Machine,2025-09-16 08:28:22.848365,3.79,37.2,0,0
Anesthesia Machine,2025-09-17 08:28:22.848365,4.52,35.13,1,0
Anesthesia Machine,2025-09-18 08:28:22.848365,5.2,34.26,1,0
Anesthesia Machine,2025-09-19 08:28:22.848365,6.99,37.07,0,0
Anesthesia Machine,2025-09-20 08:28:22.848365,5.44,36.35,0,0
Anesthesia Machine,2025-09-21 08:28:22.848365,3.52,34.83,0,0
Anesthesia Machine,2025-09-22 08:28:22.848365,6.12,35.16,0,0
Anesthesia Machine,2025-09-23 08:28:22.848365,5.78,34.95,0,0
Anesthesia Machine,2025-09-24 08:28:22.848365,6.08,35.6,0,0
Anesthesia Machine,2025-09-25 08:28:22.848365,6.0,36.25,2,0
Anesthesia Machine,2025-09-26 08:28:22.848365,4.46,36.96,1,0
Anesthesia Machine,2025-09-27 08:28:22.848365,4.75,34.48,1,0
Anesthesia Machine,2025-09-28 08:28:22.848365,3.87,36.88,0,0
Anesthesia Machine,2025-09-29 08:28:22.848365,4.75,35.2,0,0
Anesthesia Machine,2025-09-30 08:28:22.848365,3.57,36.42,2,0
Anesthesia Machine,2025-10-01 08:28:22.848365,5.33,33.53,1,0
Anesthesia Machine,2025-10-02 08:28:22.848365,4.23,36.89,1,0
Anesthesia Machine,2025-10-03 08:28:22.848365,5.57,35.22,0,0
Anesthesia Machine,2025-10-04 08:28:22.848365,5.43,35.02,1,0
Anesthesia Machine,2025-10-05 08:28:22.848365,5.07,35.74,0,0
Anesthesia Machine,2025-10-06 08:28:22.848365,3.9,37.18,0,0
Anesthesia Machine,2025-10-07 08:28:22.848365,7.79,35.81,0,0
Anesthesia Machine,2025-10-08 08:28:22.848365,5.32,33.69,1,0
Anesthesia Machine,2025-10-09 08:28:22.848365,4.54,34.82,0,0
Anesthesia Machine,2025-10-10 08:28:22.848365,3.79,36.43,0,0
Anesthesia Machine,2025-10-11 08:28:22.848365,4.7,34.35,0,0
Anesthesia Machine,2025-10-12 08:28:22.848365,5.78,34.69,1,0
Anesthesia Machine,2025-10-13 08:28:22.848365,4.5,34.87,0,0
Anesthesia Machine,2025-10-14 08:28:22.848365,3.37,36.42,0,0
Anesthesia Machine,2025-10-15 08:28:22.848365,4.67,35.67,0,0
Anesthesia Machine,2025-10-16 08:28:22.848365,4.08,35.87,1,0
Anesthesia Machine,2025-10-17 08:28:22.848365,5.04,37.24,0,0
Anesthesia Machine,2025-10-18 08:28:22.848365,6.45,35.4,1,0
Anesthesia Machine,2025-10-19 08:28:22.848365,4.79,34.08,2,0
Anesthesia Machine,2025-10-20 08:28:22.848365,1.95,37.33,0,0
Anesthesia Machine,2025-10-21 08:28:22.848365,6.05,36.0,0,0
Anesthesia Machine,2025-10-22 08:28:22.848365,3.92,37.46,0,0
Anesthesia Machine,2025-10-23 08:28:22.848365,3.33,36.25,0,0
Anesthesia Machine,2025-10-24 08:28:22.848365,5.13,35.54,0,0
Anesthesia Machine,2025-10-25 08:28:22.848365,4.81,36.32,0,0
Anesthesia Machine,2025-10-26 08:28:22.848365,3.86,34.28,0,0
Anesthesia Machine,2025-10-27 08:28:22.848365,5.71,38.11,0,0
Anesthesia Machine,2025-10-28 08:28:22.848365,4.82,35.27,0,0
Anesthesia Machine,2025-10-29 08:28:22.848365,6.02,35.47,0,0
Anesthesia Machine,2025-10-30 08:28:22.848365,3.33,37.01,2,0
Anesthesia Machine,2025-10-31 08:28:22.848365,5.4,33.93,0,0
Anesthesia Machine,2025-11-01 08:28:22.848365,5.03,35.16,0,0
Anesthesia Machine,2025-11-02 08:28:22.848365,3.81,36.69,1,0
Anesthesia Machine,2025-11-03 08:28:22.848365,3.35,36.15,0,0
Anesthesia Machine,2025-11-04 08:28:22.848365,4.98,34.26,0,0
Anesthesia Machine,2025-11-05 08:28:22.848365,4.63,34.57,0,0
